,data_source_citation,data_source_reference,plant_id,country,mode_of_operation,OTNOC_description,measurement_method,number_of_measurement_days,number_of_measurements,CH4_emission_rate_in_kg_per_hour_mean,CH4_emission_rate_in_kg_per_hour_sd,CH4_emission_factor_in_percent_of_CH4_produced_mean,CH4_emission_factor_in_percent_of_CH4_produced_sd,CH4_emission_factor_in_percent_of_CH4_generated_mean,CH4_emission_factor_in_percent_of_CH4_generated_sd,CH4_emission_factor_in_kg_per_PE_and_year_mean,CH4_emission_factor_in_kg_per_PE_and_year_sd,CH4_emission_factor_in_percent_of_COD_influent_mean,CH4_emission_factor_in_percent_of_COD_influent_sd,CH4_generated_in_kg_per_hour,plant_size,wastewater_PE,wastewater_COD_in_tons_per_year,primary_feedstock,secondary_feedstock,comment_feedstock,primary_feedstock_2,energy_crops_wet_weight_in_tons_per_year,manure_wet_weight_in_tons_per_year,biowaste_wet_weight_in_tons_per_year,miscellaneous_wet_weight_in_tons_per_year,feedstock_sum_wet_weight_in_tons_per_year,energy_crops_wet_weight_in_percent,manure_wet_weight_in_percent,biowaste_wet_weight_in_percent,miscellaneous_wet_weight_in_percent,feedstock_sum_wet_weight_in_percent,technology_digestate_storage,primary_technology_gas_utilization,biogas_upgrading_technology,offgas_treatement,categorization_biogas_utilization,hydraulic_retention_time_in_days,data_collected_after_statistical_analyses
1,"Baldé et al., 2022","Baldé, H., Wagner-Riddle, C., MacDonald, D., & VanderZaag, A. (2022). Fugitive methane emissions from two agricultural biogas plants. Waste Management, 151. https://doi.org/10.1016/j.wasman.2022.07.033",A,Canada,OTNOC,Active PRV,IDM,66,3159,"5,1",NA,"7,834,101,382",NA,"8,5",NA,NA,NA,NA,NA,60,Medium,NA,NA,Manure,Biowaste,"51% manure, dissolved air flotation waste, food waste",NA,NA,NA,NA,NA,NA,NA,NA,NA,NA,NA,Not-gastight digestate storage,CHP,NA,No/NA,Other,60,0
2,"Baldé et al., 2022","Baldé, H., Wagner-Riddle, C., MacDonald, D., & VanderZaag, A. (2022). Fugitive methane emissions from two agricultural biogas plants. Waste Management, 151. https://doi.org/10.1016/j.wasman.2022.07.033",A,Canada,normal operation,NA,IDM,45,2070,"1,8",NA,"2,912,621,359",NA,3,NA,NA,NA,NA,NA,60,Medium,NA,NA,Manure,Biowaste,"51% manure, dissolved air flotation waste, food waste",NA,NA,NA,NA,NA,NA,NA,NA,NA,NA,NA,Not-gastight digestate storage,CHP,NA,No/NA,Other,60,1
3,"Baldé et al., 2022","Baldé, H., Wagner-Riddle, C., MacDonald, D., & VanderZaag, A. (2022). Fugitive methane emissions from two agricultural biogas plants. Waste Management, 151. https://doi.org/10.1016/j.wasman.2022.07.033",B,Canada,OTNOC,Major leakage,IDM,NA,NA,10,NA,"1,265,822,785",NA,"1,449,275,362",NA,NA,NA,NA,NA,69,Medium,NA,NA,Manure,Biowaste,"51% manure, food processing waste, fats oils and grease",NA,NA,NA,NA,NA,NA,NA,NA,NA,NA,NA,Not-gastight digestate storage,CHP,NA,No/NA,Other,27,0
4,"Baldé et al., 2022","Baldé, H., Wagner-Riddle, C., MacDonald, D., & VanderZaag, A. (2022). Fugitive methane emissions from two agricultural biogas plants. Waste Management, 151. https://doi.org/10.1016/j.wasman.2022.07.033",B,Canada,normal operation,NA,IDM,NA,NA,"7,78",NA,"101,328,471",NA,"1,127,536,232",NA,NA,NA,NA,NA,69,Medium,NA,NA,Manure,Biowaste,"51% manure, food processing waste, fats oils and grease",NA,NA,NA,NA,NA,NA,NA,NA,NA,NA,NA,Not-gastight digestate storage,CHP,NA,No/NA,Other,27,1
5,"Bühler et al., 2022","Bühler, M., Häni, C., Ammann, C., Brönnimann, S., & Kupper, T. (2022). Using the inverse dispersion method to determine methane emissions from biogas plants and wastewater treatment plants with complex source configurations. Atmospheric Environment: X, 13. ",WWTP-1,Switzerland,normal operation,NA,IDM,21,398,"0,82","0,15","3,304,098,939","0,604408343","3,417","0,625","0,030183305","0,165002067",NA,NA,24,Small,43534,NA,Sewage sludge,NA,Sewage sludge,Sewage sludge,NA,NA,NA,NA,NA,NA,NA,NA,NA,NA,Not-gastight digestate storage,CHP,NA,No/NA,Other,NA,0
6,"Bühler et al., 2022","Bühler, M., Häni, C., Ammann, C., Brönnimann, S., & Kupper, T. (2022). Using the inverse dispersion method to determine methane emissions from biogas plants and wastewater treatment plants with complex source configurations. Atmospheric Environment: X, 13. ",WWTP-2,Switzerland,normal operation,NA,IDM,14,280,"0,61","0,08","4,481,717,801","0,587766269","4,692","0,615","0,049804563","0,37975979",NA,NA,13,Small,14071,NA,Sewage sludge,NA,Sewage sludge,Sewage sludge,NA,NA,NA,NA,NA,NA,NA,NA,NA,NA,Not-gastight digestate storage,CHP,NA,No/NA,Other,NA,0
7,"Delre et al., 2017","Delre, A., Mønster, J., & Scheutz, C. (2017). Greenhouse gas emission quantification from wastewater treatment plants, using a tracer gas dispersion method. Science of the Total Environment, 605–606. ",Holbaek,Denmark,OTNOC,Low biogas production,TDM,1,8,"2,8","0,5","9,090,909,091","1,623,376,623",10,"1,8","0,073","0,4088","1,5","0,3",85,Medium,60000,NA,Sewage sludge,NA,Sewage sludge,Sewage sludge,NA,NA,NA,NA,NA,NA,NA,NA,NA,NA,Not-gastight digestate storage,CHP,NA,No/NA,Other,NA,0
8,"Delre et al., 2017","Delre, A., Mønster, J., & Scheutz, C. (2017). Greenhouse gas emission quantification from wastewater treatment plants, using a tracer gas dispersion method. Science of the Total Environment, 605–606. ",Holbaek,Denmark,normal operation,NA,TDM,3,81,"253,333,333,333,333","168,720,676,464,584","261,361,988,666,667","24,968,895,179,688","2,7","263,248,931,621,764","0,0973333333333333","0,665328690698565","0,8","0,519615242270663",85,Medium,60000,NA,Sewage sludge,NA,Sewage sludge,Sewage sludge,NA,NA,NA,NA,NA,NA,NA,NA,NA,NA,Not-gastight digestate storage,CHP,NA,No/NA,Other,NA,0
9,"Delre et al., 2017","Delre, A., Mønster, J., & Scheutz, C. (2017). Greenhouse gas emission quantification from wastewater treatment plants, using a tracer gas dispersion method. Science of the Total Environment, 605–606. ",Kallby,Sweden,normal operation,NA,TDM,3,82,"8,6","362,904,946,232,481","130,069,545,833,333","554,415,228,642,803","149,666,666,666,667","65,281,441,977,538","0,128966666666667","109,666,961,600,414","126,666,666,666,667","0,858292879305582",58,Medium,120000,NA,Sewage sludge,NA,Sewage sludge,Sewage sludge,NA,NA,NA,NA,NA,NA,NA,NA,NA,NA,Not-gastight digestate storage,BUU,Chemical (amine) scrubber,No/NA,"BAT, off-site",NA,0
10,"Delre et al., 2017","Delre, A., Mønster, J., & Scheutz, C. (2017). Greenhouse gas emission quantification from wastewater treatment plants, using a tracer gas dispersion method. Science of the Total Environment, 605–606. ",Lundtofte,Denmark,normal operation,NA,TDM,4,63,"2,625","508,010,826,656,283","239,358,925,625","402,926,614,221,678","2,475","427,170,925,976,944","0,07008","0,40296","0,4","0,678232998312527",100,Medium,150000,NA,Sewage sludge,NA,Sewage sludge,Sewage sludge,NA,NA,NA,NA,NA,NA,NA,NA,NA,NA,Gastight digestate storage,CHP,NA,No/NA,Other,NA,0
11,"Delre et al., 2017","Delre, A., Mønster, J., & Scheutz, C. (2017). Greenhouse gas emission quantification from wastewater treatment plants, using a tracer gas dispersion method. Science of the Total Environment, 605–606. ",Lynetten,Denmark,normal operation,NA,TDM,7,93,"864,285,714,285,714","161,906,498,590,125","1,932,560,065","356,065,029,244,526","198,571,428,571,429","37,079,066,100,121","0,0240274285714286","0,321020957891715","0,275714285714286","0,582470109594843",440,Large,750000,NA,Sewage sludge,NA,Sewage sludge,Sewage sludge,NA,NA,NA,NA,NA,NA,NA,NA,NA,NA,Gastight digestate storage,Off-site gas utilization,NA,No/NA,"BAT, off-site",NA,0
12,"Delre et al., 2017","Delre, A., Mønster, J., & Scheutz, C. (2017). Greenhouse gas emission quantification from wastewater treatment plants, using a tracer gas dispersion method. Science of the Total Environment, 605–606. ",Vaxjo,Sweden,OTNOC,Major leakage,TDM,1,10,"17,6","5,5","1,755,976,917","5,487,427,865","21,3","6,6","0,507157895","1,622,905,263","3,2",1,83,Medium,95000,NA,Sewage sludge,Biowaste,"Sewage sludge, food waste",Sewage sludge,NA,NA,NA,NA,NA,NA,NA,NA,NA,NA,Not-gastight digestate storage,BUU,Chemical (amine) scrubber,No/NA,"BAT, off-site",NA,0
13,"Delre et al., 2017","Delre, A., Mønster, J., & Scheutz, C. (2017). Greenhouse gas emission quantification from wastewater treatment plants, using a tracer gas dispersion method. Science of the Total Environment, 605–606. ",Vaxjo,Sweden,normal operation,NA,TDM,2,71,"6,15","155,402,702,679,201","6,889,807,468","152,860,730,629,359","7,4","165,227,116,418,583","0,0876","0,805220203944995",1,"0,264575131106459",83,Medium,95000,NA,Sewage sludge,Biowaste,"Sewage sludge, food waste",Sewage sludge,NA,NA,NA,NA,NA,NA,NA,NA,NA,NA,Not-gastight digestate storage,BUU,Chemical (amine) scrubber,No/NA,"BAT, off-site",NA,0
14,"Wechselberger et al., 2025","Wechselberger, V., Hrad, M., Bühler, M., Kupper, T., Spangl, B., Fredenslund, A. M., Huber-Humer, M., & Scheutz, C. (2025). Assessment of whole-site methane emissions from anaerobic digestion plants: Towards establishing emission factors for various plant configurations. Waste Management, 191, 253–263. https://doi.org/10.1016/J.WASMAN.2024.11.021",AT-01,Austria,OTNOC,Major leakage,IDM,2,44,"6,133,346,154","256,176,947,465,496","7,835,561,998","318,292,342,634,298","850,231,829","345,441,552,142,841",NA,NA,NA,NA,"7,762,528,665",Medium,NA,NA,Biowaste,Manure,"Biowaste, food waste, manure",Biowaste,NA,1000,11791,NA,12791,0,"7,817,997,029","9,218,200,297",0,100,Not-gastight digestate storage,CHP,PSA,No/NA,Other,61,0
15,"Wechselberger et al., 2025","Wechselberger, V., Hrad, M., Bühler, M., Kupper, T., Spangl, B., Fredenslund, A. M., Huber-Humer, M., & Scheutz, C. (2025). Assessment of whole-site methane emissions from anaerobic digestion plants: Towards establishing emission factors for various plant configurations. Waste Management, 191, 253–263. https://doi.org/10.1016/J.WASMAN.2024.11.021",AT-02,Austria,OTNOC,Major leakage,IDM,1,26,"1,655,038,462","4,154,706,675","1,018,247,333","2,556,145,425","113,368,445","2,845,931,657",NA,NA,NA,NA,"1,459,875,772",Medium,NA,NA,Biowaste,NA,Food waste,Biowaste,NA,NA,25000,NA,25000,0,0,100,0,100,Not-gastight digestate storage,CHP,PSA,No/NA,Other,NA,0
16,"Wechselberger et al., 2025","Wechselberger, V., Hrad, M., Bühler, M., Kupper, T., Spangl, B., Fredenslund, A. M., Huber-Humer, M., & Scheutz, C. (2025). Assessment of whole-site methane emissions from anaerobic digestion plants: Towards establishing emission factors for various plant configurations. Waste Management, 191, 253–263. https://doi.org/10.1016/J.WASMAN.2024.11.021",AT-02,Austria,OTNOC,Not specified,IDM,1,11,"4,510,363,636","1,209,393,905","2,360,319,741","6,328,882,852","3,089,553,045","8,284,224,781",NA,NA,NA,NA,"1,459,875,772",Medium,NA,NA,Biowaste,NA,Food waste,Biowaste,NA,NA,25000,NA,25000,0,0,100,0,100,Not-gastight digestate storage,CHP,PSA,No/NA,Other,NA,0
17,"Wechselberger et al., 2025","Wechselberger, V., Hrad, M., Bühler, M., Kupper, T., Spangl, B., Fredenslund, A. M., Huber-Humer, M., & Scheutz, C. (2025). Assessment of whole-site methane emissions from anaerobic digestion plants: Towards establishing emission factors for various plant configurations. Waste Management, 191, 253–263. https://doi.org/10.1016/J.WASMAN.2024.11.021",AT-03,Austria,OTNOC,Active PRV,IDM,1,6,"15,518","7,527,560,861","1,747,168,367","8,475,264,993","2,116,088,147","1,026,484,232",NA,NA,NA,NA,"7,333,342,904",Medium,NA,NA,Biowaste,Manure,"Biowaste, food waste, manure",Biowaste,NA,1300,8000,NA,9300,0,"1,397,849,462","8,602,150,538",0,100,Gastight digestate storage,CHP,NA,No/NA,Other,60,0
18,"Wechselberger et al., 2025","Wechselberger, V., Hrad, M., Bühler, M., Kupper, T., Spangl, B., Fredenslund, A. M., Huber-Humer, M., & Scheutz, C. (2025). Assessment of whole-site methane emissions from anaerobic digestion plants: Towards establishing emission factors for various plant configurations. Waste Management, 191, 253–263. https://doi.org/10.1016/J.WASMAN.2024.11.021",AT-03,Austria,normal operation,NA,IDM,3,61,"1,8","196,977,156,035,922","2,386,324,641","258,564,380,938,686","245,566,166,433,333","268,727,361,584,745",NA,NA,NA,NA,"7,333,342,904",Medium,NA,NA,Biowaste,Manure,"Biowaste, food waste, manure",Biowaste,NA,1300,8000,NA,9300,0,"1,397,849,462","8,602,150,538",0,100,Gastight digestate storage,CHP,NA,No/NA,Other,60,0
19,"Wechselberger et al., 2025","Wechselberger, V., Hrad, M., Bühler, M., Kupper, T., Spangl, B., Fredenslund, A. M., Huber-Humer, M., & Scheutz, C. (2025). Assessment of whole-site methane emissions from anaerobic digestion plants: Towards establishing emission factors for various plant configurations. Waste Management, 191, 253–263. https://doi.org/10.1016/J.WASMAN.2024.11.021",AT-09,Austria,normal operation,NA,IDM,1,18,"0,3","0,2","0,388601036","0,259067358","0,390117035","0,260078023",NA,NA,NA,NA,"7,692,972,818",Medium,NA,NA,Energy crops,Manure,"Grass silage, manure",Agricultural feedstock,6564,2800,NA,NA,9364,"7,009,824,861","2,990,175,139",0,0,100,Gastight digestate storage,BUU,PSA,Yes,"BAT, off-site",247,0
20,"Wechselberger et al., 2025","Wechselberger, V., Hrad, M., Bühler, M., Kupper, T., Spangl, B., Fredenslund, A. M., Huber-Humer, M., & Scheutz, C. (2025). Assessment of whole-site methane emissions from anaerobic digestion plants: Towards establishing emission factors for various plant configurations. Waste Management, 191, 253–263. https://doi.org/10.1016/J.WASMAN.2024.11.021",AT-12,Austria,OTNOC,PRV maintenance,IDM,1,29,"3,898,241,379","1,014,691,271","4,173,784,561","108,641,368","435,359,898","1,133,218,406",NA,NA,NA,NA,"8,954,066,272",Medium,NA,NA,Energy crops,Manure,"Maize silage, manure",Agricultural feedstock,8091,840,NA,NA,8931,"9,059,455,828","940,544,172",0,0,100,Gastight digestate storage,CHP,NA,No/NA,Other,156,0
21,"Wechselberger et al., 2025","Wechselberger, V., Hrad, M., Bühler, M., Kupper, T., Spangl, B., Fredenslund, A. M., Huber-Humer, M., & Scheutz, C. (2025). Assessment of whole-site methane emissions from anaerobic digestion plants: Towards establishing emission factors for various plant configurations. Waste Management, 191, 253–263. https://doi.org/10.1016/J.WASMAN.2024.11.021",AT-12,Austria,normal operation,NA,IDM,3,56,"175,426,363,633,333","161,201,282,454,758","191,837,900,266,667","174,865,654,477,944","195,963,764,633,333","180,026,774,440,003",NA,NA,NA,NA,"8,954,066,272",Medium,NA,NA,Energy crops,Manure,"Maize silage, manure",Agricultural feedstock,8091,840,NA,NA,8931,"9,059,455,828","940,544,172",0,0,100,Gastight digestate storage,CHP,NA,No/NA,Other,156,0
22,"Wechselberger et al., 2025","Wechselberger, V., Hrad, M., Bühler, M., Kupper, T., Spangl, B., Fredenslund, A. M., Huber-Humer, M., & Scheutz, C. (2025). Assessment of whole-site methane emissions from anaerobic digestion plants: Towards establishing emission factors for various plant configurations. Waste Management, 191, 253–263. https://doi.org/10.1016/J.WASMAN.2024.11.021",DE-01,Germany,normal operation,NA,IDM,2,23,"4,05","32,101,401,838,549","0,775128336","0,61414205961343","0,781295214","0,619275842749257",NA,NA,NA,NA,"5,009,369,144",Large,NA,NA,Energy crops,Manure,"Energy crops, manure",Agricultural feedstock,57500,2500,NA,NA,60000,"9,583,333,333","4,166,666,667",0,0,100,Gastight digestate storage,BUU,Chemical (amine) scrubber,No/NA,"BAT, off-site",NA,0
23,"Wechselberger et al., 2025","Wechselberger, V., Hrad, M., Bühler, M., Kupper, T., Spangl, B., Fredenslund, A. M., Huber-Humer, M., & Scheutz, C. (2025). Assessment of whole-site methane emissions from anaerobic digestion plants: Towards establishing emission factors for various plant configurations. Waste Management, 191, 253–263. https://doi.org/10.1016/J.WASMAN.2024.11.021",DE-07,Germany,normal operation,NA,IDM,3,59,"436,666,666,666,667","294,392,028,877,595","210,913,359,733,333","141,889,964,708,054","2,155,314,248","14,530,702,319,996",NA,NA,NA,NA,"202,6",Medium,NA,NA,Manure,Energy crops,"Energy crops, manure",Agricultural feedstock,4950,6600,4950,NA,16500,30,40,30,0,100,Gastight digestate storage,CHP,NA,No/NA,Other,NA,0
24,"Wechselberger et al., 2025","Wechselberger, V., Hrad, M., Bühler, M., Kupper, T., Spangl, B., Fredenslund, A. M., Huber-Humer, M., & Scheutz, C. (2025). Assessment of whole-site methane emissions from anaerobic digestion plants: Towards establishing emission factors for various plant configurations. Waste Management, 191, 253–263. https://doi.org/10.1016/J.WASMAN.2024.11.021",DE-08-1,Germany,normal operation,NA,IDM,2,45,"4,25","220,340,645,365,307","3,044,434,087","157,265,641,527,156","31,415,880,825","162,680,296,107,979",NA,NA,NA,NA,135,Medium,NA,NA,Energy crops,Manure,"Energy crops, manure",Agricultural feedstock,9200,8353,846,NA,18399,"5,000,271,754","4,539,920,648","4,598,075,982",0,100,Not-gastight digestate storage,CHP,NA,No/NA,Other,NA,0
25,"Wechselberger et al., 2025","Wechselberger, V., Hrad, M., Bühler, M., Kupper, T., Spangl, B., Fredenslund, A. M., Huber-Humer, M., & Scheutz, C. (2025). Assessment of whole-site methane emissions from anaerobic digestion plants: Towards establishing emission factors for various plant configurations. Waste Management, 191, 253–263. https://doi.org/10.1016/J.WASMAN.2024.11.021",DE-08-2,Germany,OTNOC,Flaring/flare ignition problems,IDM,1,13,"1,9","0,8","2,286,401,925","0,962695548","2,3",1,NA,NA,NA,NA,"101,9",Medium,NA,NA,Energy crops,Manure,"Energy crops, manure",Agricultural feedstock,9200,8353,846,NA,18399,"5,000,271,754","4,539,920,648","4,598,075,982",0,100,Gastight digestate storage,CHP,NA,No/NA,Other,NA,0
26,"Wechselberger et al., 2025","Wechselberger, V., Hrad, M., Bühler, M., Kupper, T., Spangl, B., Fredenslund, A. M., Huber-Humer, M., & Scheutz, C. (2025). Assessment of whole-site methane emissions from anaerobic digestion plants: Towards establishing emission factors for various plant configurations. Waste Management, 191, 253–263. https://doi.org/10.1016/J.WASMAN.2024.11.021",DE-08-2,Germany,normal operation,NA,IDM,2,21,"1,65","11,202,678,251,204","1,570,851,969","0,98984649049688","1,596,059,113","100,549,390,937,877",NA,NA,NA,NA,"101,9",Medium,NA,NA,Energy crops,Manure,"Energy crops, manure",Agricultural feedstock,9200,8353,846,NA,18399,"5,000,271,754","4,539,920,648","4,598,075,982",0,100,Gastight digestate storage,CHP,NA,No/NA,Other,NA,0
27,"Wechselberger et al., 2025","Wechselberger, V., Hrad, M., Bühler, M., Kupper, T., Spangl, B., Fredenslund, A. M., Huber-Humer, M., & Scheutz, C. (2025). Assessment of whole-site methane emissions from anaerobic digestion plants: Towards establishing emission factors for various plant configurations. Waste Management, 191, 253–263. https://doi.org/10.1016/J.WASMAN.2024.11.021",DE-09,Germany,normal operation,NA,IDM,2,29,"10,4","335,111,921,602,321","1,927,323,281","0,62086236711762","19,652,305,365","0,63324248225889",NA,NA,NA,NA,"529,2",Large,NA,NA,Energy crops,NA,Energy crops,Agricultural feedstock,50000,NA,NA,NA,50000,100,0,0,0,100,Gastight digestate storage,BUU,Chemical (amine) scrubber,Yes,Other,NA,0
28,"Wechselberger et al., 2025","Wechselberger, V., Hrad, M., Bühler, M., Kupper, T., Spangl, B., Fredenslund, A. M., Huber-Humer, M., & Scheutz, C. (2025). Assessment of whole-site methane emissions from anaerobic digestion plants: Towards establishing emission factors for various plant configurations. Waste Management, 191, 253–263. https://doi.org/10.1016/J.WASMAN.2024.11.021",DE-10,Germany,OTNOC,Active PRV,IDM,1,2,"7,3","3,3","6,945,765,937","3,139,866,794","7,464,212,679","3,374,233,129",NA,NA,NA,NA,"97,8",Medium,NA,NA,Energy crops,Manure,"Energy crops, manure",Agricultural feedstock,9510,4380,NA,NA,13890,"6,846,652,268","3,153,347,732",0,0,100,Gastight digestate storage,CHP,NA,No/NA,Other,NA,0
29,"Wechselberger et al., 2025","Wechselberger, V., Hrad, M., Bühler, M., Kupper, T., Spangl, B., Fredenslund, A. M., Huber-Humer, M., & Scheutz, C. (2025). Assessment of whole-site methane emissions from anaerobic digestion plants: Towards establishing emission factors for various plant configurations. Waste Management, 191, 253–263. https://doi.org/10.1016/J.WASMAN.2024.11.021",DE-10,Germany,normal operation,NA,IDM,3,61,"143,333,333,333,333","110,754,984,838,908","144,325,266,233,333","111,042,414,206,077","146,557,600,533,333","113,246,405,811,077",NA,NA,NA,NA,"97,8",Medium,NA,NA,Energy crops,Manure,"Energy crops, manure",Agricultural feedstock,9510,4380,NA,NA,13890,"6,846,652,268","3,153,347,732",0,0,100,Gastight digestate storage,CHP,NA,No/NA,Other,NA,0
30,"Wechselberger et al., 2025","Wechselberger, V., Hrad, M., Bühler, M., Kupper, T., Spangl, B., Fredenslund, A. M., Huber-Humer, M., & Scheutz, C. (2025). Assessment of whole-site methane emissions from anaerobic digestion plants: Towards establishing emission factors for various plant configurations. Waste Management, 191, 253–263. https://doi.org/10.1016/J.WASMAN.2024.11.021",DE-11,Germany,normal operation,NA,IDM,3,49,"353,333,333,333,333","338,476,980,999,693","140,123,500,233,333","13,295,693,300,527","1,424,731,183","136,482,653,613,724",NA,NA,NA,NA,248,Medium,NA,NA,Energy crops,Manure,"Energy crops, manure",Agricultural feedstock,NA,NA,NA,NA,NA,NA,NA,NA,NA,NA,Not-gastight digestate storage,CHP,NA,No/NA,Other,NA,0
31,"Wechselberger et al., 2025","Wechselberger, V., Hrad, M., Bühler, M., Kupper, T., Spangl, B., Fredenslund, A. M., Huber-Humer, M., & Scheutz, C. (2025). Assessment of whole-site methane emissions from anaerobic digestion plants: Towards establishing emission factors for various plant configurations. Waste Management, 191, 253–263. https://doi.org/10.1016/J.WASMAN.2024.11.021",DE-12,Germany,normal operation,NA,IDM,3,62,"136,666,666,666,667","148,884,742,894,182","1,043,344,785","113,279,383,768,892","105,534,105,533,333","114,968,913,386,237",NA,NA,NA,NA,"129,5",Medium,NA,NA,Energy crops,Manure,"Energy crops, manure",Agricultural feedstock,8500,8500,NA,NA,17000,50,50,0,0,100,Gastight digestate storage,Off-site gas utilization,NA,No/NA,Other,NA,0
32,"Wechselberger et al., 2025","Wechselberger, V., Hrad, M., Bühler, M., Kupper, T., Spangl, B., Fredenslund, A. M., Huber-Humer, M., & Scheutz, C. (2025). Assessment of whole-site methane emissions from anaerobic digestion plants: Towards establishing emission factors for various plant configurations. Waste Management, 191, 253–263. https://doi.org/10.1016/J.WASMAN.2024.11.021",SE-01,Sweden,OTNOC,Major leakage,TDM,1,10,11,"0,45","8,333,333,333","0,340909091","9,090,909,091","0,371900826","0,041494737","1,014,315,789",NA,NA,133,Medium,95000,NA,Sewage sludge,Biowaste,Sewage sludge  + municipal food waste,Sewage sludge,NA,NA,NA,NA,NA,NA,NA,NA,NA,NA,Not-gastight digestate storage,BUU,Chemical (amine) scrubber,No/NA,"BAT, off-site",NA,0
33,"Wechselberger et al., 2025","Wechselberger, V., Hrad, M., Bühler, M., Kupper, T., Spangl, B., Fredenslund, A. M., Huber-Humer, M., & Scheutz, C. (2025). Assessment of whole-site methane emissions from anaerobic digestion plants: Towards establishing emission factors for various plant configurations. Waste Management, 191, 253–263. https://doi.org/10.1016/J.WASMAN.2024.11.021",SE-01,Sweden,normal operation,NA,TDM,1,45,"9,9","0,5","6,927,921,624","0,349895031","7,443,609,023","0,37593985","0,046105263","0,912884211",NA,NA,133,Medium,95000,NA,Sewage sludge,Biowaste,Sewage sludge  + municipal food waste,Sewage sludge,NA,NA,NA,NA,NA,NA,NA,NA,NA,NA,Not-gastight digestate storage,BUU,Chemical (amine) scrubber,No/NA,"BAT, off-site",NA,0
34,"Wechselberger et al., 2025","Wechselberger, V., Hrad, M., Bühler, M., Kupper, T., Spangl, B., Fredenslund, A. M., Huber-Humer, M., & Scheutz, C. (2025). Assessment of whole-site methane emissions from anaerobic digestion plants: Towards establishing emission factors for various plant configurations. Waste Management, 191, 253–263. https://doi.org/10.1016/J.WASMAN.2024.11.021",SE-02,Sweden,normal operation,NA,TDM,1,55,"5,94","0,17","3,434,717,243","0,098299988","3,556,886,228","0,101796407",NA,NA,NA,NA,167,Medium,NA,NA,Biowaste,Manure,Manure + municipal food waste,Biowaste,NA,NA,NA,90000,90000,0,0,0,100,100,Not-gastight digestate storage,BUU,Chemical (amine) scrubber,No/NA,"BAT, off-site",NA,0
35,"Wechselberger et al., 2025","Wechselberger, V., Hrad, M., Bühler, M., Kupper, T., Spangl, B., Fredenslund, A. M., Huber-Humer, M., & Scheutz, C. (2025). Assessment of whole-site methane emissions from anaerobic digestion plants: Towards establishing emission factors for various plant configurations. Waste Management, 191, 253–263. https://doi.org/10.1016/J.WASMAN.2024.11.021",SE-03,Sweden,normal operation,NA,TDM,1,15,"9,11","0,58","6,455,956,346","0,411026858","6,901,515,152","0,439393939",NA,NA,NA,NA,132,Medium,NA,NA,Biowaste,Manure,Vegetable out grades ,Biowaste,NA,NA,NA,75000,75000,0,0,0,100,100,Not-gastight digestate storage,BUU,Chemical (amine) scrubber,No/NA,"BAT, off-site",NA,0
36,"Wechselberger et al., 2025","Wechselberger, V., Hrad, M., Bühler, M., Kupper, T., Spangl, B., Fredenslund, A. M., Huber-Humer, M., & Scheutz, C. (2025). Assessment of whole-site methane emissions from anaerobic digestion plants: Towards establishing emission factors for various plant configurations. Waste Management, 191, 253–263. https://doi.org/10.1016/J.WASMAN.2024.11.021",SE-06,Sweden,normal operation,NA,TDM,2,83,"13,15","412,007,281,489,053","5,497,998,504","1,465,337,563,462","5,829,859,043","16,366,080,454,939",NA,NA,NA,NA,465,Large,NA,NA,Biowaste,Manure,"Municipal food waste, 40% manure",Biowaste,NA,NA,NA,50000,50000,0,0,0,100,100,Not-gastight digestate storage,BUU,Water scrubber,No/NA,Other,NA,0
37,"Wechselberger et al., 2025","Wechselberger, V., Hrad, M., Bühler, M., Kupper, T., Spangl, B., Fredenslund, A. M., Huber-Humer, M., & Scheutz, C. (2025). Assessment of whole-site methane emissions from anaerobic digestion plants: Towards establishing emission factors for various plant configurations. Waste Management, 191, 253–263. https://doi.org/10.1016/J.WASMAN.2024.11.021",CH-01,Switzerland,normal operation,NA,IDM,85,388,"0,465","0,752728715593845","25,585,499,395","414,945,492,451,193","2,625,916,331","425,447,825,441,709",NA,NA,NA,NA,"17,7",Small,NA,NA,Manure,Biowaste,"Manure, food waste",Agricultural feedstock,NA,4703,461,477,5641,0,"833,717,426","8,172,309,874","8,455,947,527",100,Not-gastight digestate storage,CHP,NA,No/NA,Other,NA,0
38,"Wechselberger et al., 2025","Wechselberger, V., Hrad, M., Bühler, M., Kupper, T., Spangl, B., Fredenslund, A. M., Huber-Humer, M., & Scheutz, C. (2025). Assessment of whole-site methane emissions from anaerobic digestion plants: Towards establishing emission factors for various plant configurations. Waste Management, 191, 253–263. https://doi.org/10.1016/J.WASMAN.2024.11.021",CH-02,Switzerland,OTNOC,Major leakage,IDM,64,275,"2,78","454,434,642,282,268","456,473,409","752,505,768,709,045","4,786,091,848","789,898,434,807,398",NA,NA,NA,NA,"61,8",Medium,NA,NA,Manure,Biowaste,"Manure, food waste",Agricultural feedstock,NA,20863,2016,1540,24419,0,"8,543,756,911","8,255,866,334","630,656,456",100,Gastight digestate storage,CHP,NA,No/NA,Other,NA,0
39,"Wechselberger et al., 2025","Wechselberger, V., Hrad, M., Bühler, M., Kupper, T., Spangl, B., Fredenslund, A. M., Huber-Humer, M., & Scheutz, C. (2025). Assessment of whole-site methane emissions from anaerobic digestion plants: Towards establishing emission factors for various plant configurations. Waste Management, 191, 253–263. https://doi.org/10.1016/J.WASMAN.2024.11.021",CH-04,Switzerland,normal operation,NA,IDM,16,121,"0,57","0,41","1,529,339,164","1,100,050,978","1,553,091,196","1,117,135,773",NA,NA,NA,NA,"36,7",Small,NA,NA,Manure,Biowaste,"Manure, food waste",Agricultural feedstock,NA,8001,"1259,8","393,6","9654,4",0,"8,287,412,993","1,304,897,249","407,689,758",100,Not-gastight digestate storage,CHP,NA,No/NA,Other,NA,0
40,"Flesch et al., 2011","Flesch, T.K., Desjardins, R.L., Worth, D., (2011). Fugitive methane emissions from an agricultural biodigester. Biomass Bioenerg 35, 3927-3935. ",IMUS,Canada,OTNOC,Flaring/flare ignition problems,IDM,NA,102,"265,666,666,666,667","333,260,658,744,273","160,570,304,833,333","20,016,452,989,311","193,333,333,333,333","852,746,082,868,426",NA,NA,NA,NA,118,Medium,NA,NA,Manure,Energy crops,"Cattle manure, other organic feedstock",Agricultural feedstock,NA,365000,NA,NA,365000,0,100,0,0,100,Gastight digestate storage,CHP,NA,No/NA,Other,NA,0
41,"Flesch et al., 2011","Flesch, T.K., Desjardins, R.L., Worth, D., (2011). Fugitive methane emissions from an agricultural biodigester. Biomass Bioenerg 35, 3927-3935. ",IMUS,Canada,OTNOC,Plant maintenance,IDM,NA,111,"0,8","0,741619848709566","1,132,842,663","10,996,360,693,129","1,15","0,919261116332025",NA,NA,NA,NA,118,Medium,NA,NA,Manure,Energy crops,"Cattle manure, other organic feedstock",Agricultural feedstock,NA,365000,NA,NA,365000,0,100,0,0,100,Gastight digestate storage,CHP,NA,No/NA,Other,NA,0
42,"Flesch et al., 2011","Flesch, T.K., Desjardins, R.L., Worth, D., (2011). Fugitive methane emissions from an agricultural biodigester. Biomass Bioenerg 35, 3927-3935. ",IMUS,Canada,normal operation,NA,IDM,NA,444,"3,175","345,217,322,856,197","301,545,889,625","40,122,508,632,215","3,125","256,293,283,161,342",NA,NA,NA,NA,118,Medium,NA,NA,Manure,Energy crops,"Cattle manure, other organic feedstock",Agricultural feedstock,NA,365000,NA,NA,365000,0,100,0,0,100,Gastight digestate storage,CHP,NA,No/NA,Other,NA,0
43,"Fredenslund et al., 2023","Fredenslund, A. M., Gudmundsson, E., Maria Falk, J., & Scheutz, C. (2023). The Danish national effort to minimise methane emissions from biogas plants. Waste Management, 157, 321–329. ",1,Denmark,normal operation,NA,TDM,NA,20,"15,51","2,83","2,695,000,956","0,491737763","2,769,642,857","0,505357143",NA,NA,NA,NA,560,Large,NA,NA,Manure,Energy crops,"Manure, straw, deep litter, turnips",Agricultural feedstock,3600,32400,NA,NA,36000,10,90,0,0,100,Gastight digestate storage,BUU,Chemical (amine) scrubber,No/NA,"BAT, off-site",NA,0
44,"Fredenslund et al., 2023","Fredenslund, A. M., Gudmundsson, E., Maria Falk, J., & Scheutz, C. (2023). The Danish national effort to minimise methane emissions from biogas plants. Waste Management, 157, 321–329. ",10,Denmark,normal operation,NA,TDM,NA,17,"10,17","1,82","0,838437884","0,150044931","0,845527103","0,151313602",NA,NA,NA,NA,"1202,8",Large,NA,NA,Manure,Biowaste,"Manure, organic wastes, glycerine, grass silage",Agricultural feedstock,34720,326880,88520,NA,450120,"7,713,498,623","726,206,345","1,966,586,688",0,100,Gastight digestate storage,BUU,Chemical (amine) scrubber,No/NA,"BAT, off-site",NA,0
45,"Fredenslund et al., 2023","Fredenslund, A. M., Gudmundsson, E., Maria Falk, J., & Scheutz, C. (2023). The Danish national effort to minimise methane emissions from biogas plants. Waste Management, 157, 321–329. ",11,Denmark,normal operation,NA,TDM,NA,14,"20,16","2,46","1,280,683,031","0,156273822","1,297,297,297","0,158301158",NA,NA,NA,NA,1554,Large,NA,NA,Manure,Biowaste,"Manure, biowaste, energy crops",Agricultural feedstock,45000,385000,70000,NA,5.00E+05,9,77,14,0,100,Gastight digestate storage,BUU,Chemical (amine) scrubber,No/NA,"BAT, off-site",NA,0
46,"Fredenslund et al., 2023","Fredenslund, A. M., Gudmundsson, E., Maria Falk, J., & Scheutz, C. (2023). The Danish national effort to minimise methane emissions from biogas plants. Waste Management, 157, 321–329. ",12,Denmark,normal operation,NA,TDM,NA,20,"22,99","3,87","1,333,921,288","0,224544384","1,351,955,307","0,227580123",NA,NA,NA,NA,"1700,5",Large,NA,NA,Manure,Biowaste,"Manure, deep litter, organic wastes, energy crops",Agricultural feedstock,50000,477000,69000,NA,596000,"8,389,261,745","8,003,355,705","1,157,718,121",0,100,Gastight digestate storage,BUU,Water scrubber,Yes,"BAT, off-site",NA,0
47,"Fredenslund et al., 2023","Fredenslund, A. M., Gudmundsson, E., Maria Falk, J., & Scheutz, C. (2023). The Danish national effort to minimise methane emissions from biogas plants. Waste Management, 157, 321–329. ",13,Denmark,normal operation,NA,TDM,NA,17,"15,36","2,71","2,025,690,396","0,357397199","2,067,573,025","0,364786647",NA,NA,NA,NA,"742,9",Large,NA,NA,Manure,Biowaste,"Manure, deep litter, organic wastes",Agricultural feedstock,NA,184000,50000,NA,234000,0,"7,863,247,863","2,136,752,137",0,100,Gastight digestate storage,BUU,Chemical (amine) scrubber,No/NA,"BAT, off-site",NA,0
48,"Fredenslund et al., 2023","Fredenslund, A. M., Gudmundsson, E., Maria Falk, J., & Scheutz, C. (2023). The Danish national effort to minimise methane emissions from biogas plants. Waste Management, 157, 321–329. ",14,Denmark,normal operation,NA,TDM,NA,14,"19,3","4,5","1,743,135,838","0,406430636","1,774,060,116","0,41364096",NA,NA,NA,NA,"1087,9",Large,NA,NA,Manure,Biowaste,"Manure, deep litter, slaughterhouse waste, other org. Waste, glycerine",Agricultural feedstock,13910,248640,54151,NA,316701,"4,392,155,377","7,850,938,267","1,709,846,196",0,100,Gastight digestate storage,BUU,Chemical (amine) scrubber,No/NA,"BAT, off-site",NA,0
49,"Fredenslund et al., 2023","Fredenslund, A. M., Gudmundsson, E., Maria Falk, J., & Scheutz, C. (2023). The Danish national effort to minimise methane emissions from biogas plants. Waste Management, 157, 321–329. ",15,Denmark,OTNOC,Major leakage,TDM,NA,17,"81,2","12,29","1,579,152,081","2,390,120,576","1,875,288,684","2,838,337,182",NA,NA,NA,NA,433,Large,NA,NA,Manure,Biowaste,"Manure, deep litter, Maize, glycerine",Agricultural feedstock,3650,63875,5475,NA,73000,5,"87,5","7,5",0,100,Gastight digestate storage,BUU,Chemical (amine) scrubber,No/NA,"BAT, off-site",NA,1
50,"Fredenslund et al., 2023","Fredenslund, A. M., Gudmundsson, E., Maria Falk, J., & Scheutz, C. (2023). The Danish national effort to minimise methane emissions from biogas plants. Waste Management, 157, 321–329. ",15,Denmark,normal operation,NA,TDM,NA,33,"15,2","2,3","1,1",NA,NA,NA,NA,NA,NA,NA,433,Large,NA,NA,Manure,Biowaste,"Manure, deep litter, Maize, glycerine",Agricultural feedstock,3650,63875,5475,NA,73000,5,"87,5","7,5",0,100,Gastight digestate storage,BUU,Chemical (amine) scrubber,No/NA,"BAT, off-site",NA,1
51,"Fredenslund et al., 2023","Fredenslund, A. M., Gudmundsson, E., Maria Falk, J., & Scheutz, C. (2023). The Danish national effort to minimise methane emissions from biogas plants. Waste Management, 157, 321–329. ",16,Denmark,normal operation,NA,TDM,NA,14,"5,86","1,05","1,117,979,243","0,200320513","1,130,619,332","0,202585375",NA,NA,NA,NA,"518,3",Large,NA,NA,Manure,Biowaste,"Manure, organic wastes",Agricultural feedstock,NA,120000,40000,NA,160000,0,75,25,0,100,Gastight digestate storage,Off-site gas utilization,NA,No/NA,"BAT, off-site",NA,0
52,"Fredenslund et al., 2023","Fredenslund, A. M., Gudmundsson, E., Maria Falk, J., & Scheutz, C. (2023). The Danish national effort to minimise methane emissions from biogas plants. Waste Management, 157, 321–329. ",17,Denmark,normal operation,NA,TDM,NA,15,"3,2","0,33","0,89047195","0,09182992","0,898472597","0,092654987",NA,NA,NA,NA,"356,16",Large,NA,NA,Manure,Biowaste,"Manure, organic wastes",Agricultural feedstock,NA,112500,37500,NA,150000,0,75,25,0,100,Gastight digestate storage,CHP,NA,No/NA,Other,NA,0
53,"Fredenslund et al., 2023","Fredenslund, A. M., Gudmundsson, E., Maria Falk, J., & Scheutz, C. (2023). The Danish national effort to minimise methane emissions from biogas plants. Waste Management, 157, 321–329. ",18,Denmark,normal operation,NA,TDM,NA,20,"7,89","1,34","5,184,309,087","0,880478349","5,467,775,468","0,928620929",NA,NA,NA,NA,"144,3",Medium,NA,NA,Manure,Biowaste,"Manure, organic wastes",Agricultural feedstock,NA,292000,10950,NA,302950,0,"9,638,554,217","3,614,457,831",0,100,Gastight digestate storage,CHP,NA,No/NA,Other,NA,0
54,"Fredenslund et al., 2023","Fredenslund, A. M., Gudmundsson, E., Maria Falk, J., & Scheutz, C. (2023). The Danish national effort to minimise methane emissions from biogas plants. Waste Management, 157, 321–329. ",19,Denmark,normal operation,NA,TDM,NA,20,"14,13","2,41","6,507,622,162","1,109,934,141","6,960,591,133","1,187,192,118",NA,NA,NA,NA,203,Medium,NA,NA,Manure,Biowaste,"Manure, energy crops, organic wastes, glycerine",Agricultural feedstock,5000,52000,16000,NA,73000,"6,849,315,068","7,123,287,671","2,191,780,822",0,100,Not-gastight digestate storage,BUU,Chemical (amine) scrubber,No/NA,"BAT, off-site",NA,0
55,"Fredenslund et al., 2023","Fredenslund, A. M., Gudmundsson, E., Maria Falk, J., & Scheutz, C. (2023). The Danish national effort to minimise methane emissions from biogas plants. Waste Management, 157, 321–329. ",2,Denmark,normal operation,NA,TDM,NA,14,"15,16",2,"2,090,573,115","0,275801202","2,135,211,268","0,281690141",NA,NA,NA,NA,710,Large,NA,NA,Manure,Biowaste,Mostly manure - but waste from fruit production in minor amounts,Agricultural feedstock,NA,2.00E+05,10000,NA,210000,0,"9,523,809,524","4,761,904,762",0,100,Gastight digestate storage,BUU,Chemical (amine) scrubber,No/NA,"BAT, off-site",NA,0
56,"Fredenslund et al., 2023","Fredenslund, A. M., Gudmundsson, E., Maria Falk, J., & Scheutz, C. (2023). The Danish national effort to minimise methane emissions from biogas plants. Waste Management, 157, 321–329. ",20,Denmark,normal operation,NA,TDM,NA,14,"14,13","3,06","6,574,233,471","142,371,935","703,685,259","1,523,904,382",NA,NA,NA,NA,"200,8",Medium,NA,NA,Manure,NA,Manure based,Agricultural feedstock,NA,NA,NA,NA,NA,NA,NA,NA,NA,NA,Not-gastight digestate storage,Off-site gas utilization,NA,No/NA,"BAT, off-site",NA,0
57,"Fredenslund et al., 2023","Fredenslund, A. M., Gudmundsson, E., Maria Falk, J., & Scheutz, C. (2023). The Danish national effort to minimise methane emissions from biogas plants. Waste Management, 157, 321–329. ",21,Denmark,normal operation,NA,TDM,NA,15,"10,67","1,98","162,479,062","3,015,075,377","19,4","3,6",NA,NA,NA,NA,55,Medium,NA,NA,Manure,Biowaste,"Manure, organic wastes",Agricultural feedstock,NA,11200,1800,NA,13000,0,"8,615,384,615","1,384,615,385",0,100,Not-gastight digestate storage,CHP,NA,No/NA,Other,NA,0
58,"Fredenslund et al., 2023","Fredenslund, A. M., Gudmundsson, E., Maria Falk, J., & Scheutz, C. (2023). The Danish national effort to minimise methane emissions from biogas plants. Waste Management, 157, 321–329. ",22,Denmark,normal operation,NA,TDM,NA,17,"18,28","4,37","2,299,168,627","0,549637139","2,353,274,373","0,562571609",NA,NA,NA,NA,"776,79",Large,NA,NA,Manure,Biowaste,"Manure, organic wastes",Agricultural feedstock,NA,1.00E+05,NA,NA,NA,NA,NA,NA,NA,NA,Gastight digestate storage,BUU,Membrane,No/NA,Other,NA,0
59,"Fredenslund et al., 2023","Fredenslund, A. M., Gudmundsson, E., Maria Falk, J., & Scheutz, C. (2023). The Danish national effort to minimise methane emissions from biogas plants. Waste Management, 157, 321–329. ",23,Denmark,normal operation,NA,TDM,NA,11,"9,25","1,59","4,723,002,298","0,8118458","4,957,127,546","0,852090032",NA,NA,NA,NA,"186,6",Medium,NA,NA,Manure,Energy crops,"Manure, energy crops, organic wastes",Agricultural feedstock,7150,28620,365,NA,36135,"197,869,102","7,920,298,879","101,010,101",0,100,Not-gastight digestate storage,CHP,NA,No/NA,Other,NA,0
60,"Fredenslund et al., 2023","Fredenslund, A. M., Gudmundsson, E., Maria Falk, J., & Scheutz, C. (2023). The Danish national effort to minimise methane emissions from biogas plants. Waste Management, 157, 321–329. ",24,Denmark,normal operation,NA,TDM,NA,15,"17,33","2,27","1,130,241,962","1,480,466,967","1,274,264,706","1,669,117,647",NA,NA,NA,NA,136,Medium,NA,NA,Manure,NA,Manure,Agricultural feedstock,NA,70000,NA,NA,70000,0,100,0,0,100,Gastight digestate storage,CHP,Chemical (amine) scrubber,No/NA,Other,NA,0
61,"Fredenslund et al., 2023","Fredenslund, A. M., Gudmundsson, E., Maria Falk, J., & Scheutz, C. (2023). The Danish national effort to minimise methane emissions from biogas plants. Waste Management, 157, 321–329. ",25,Denmark,normal operation,NA,TDM,NA,11,"4,02","0,5","4,088,689,992","0,508543531","4,262,990,456","0,530222694",NA,NA,NA,NA,"94,3",Medium,NA,NA,Manure,Biowaste,"Manure, organic wastes, energy crops",Agricultural feedstock,1087,6728,2262,NA,10077,"1,078,694,056","6,676,590,255","2,244,715,689",0,100,Gastight digestate storage,CHP,NA,No/NA,Other,NA,0
62,"Fredenslund et al., 2023","Fredenslund, A. M., Gudmundsson, E., Maria Falk, J., & Scheutz, C. (2023). The Danish national effort to minimise methane emissions from biogas plants. Waste Management, 157, 321–329. ",26,Denmark,normal operation,NA,TDM,NA,14,"6,92","1,37","2,770,770,771","0,548548549","2,849,730,264","0,564180703",NA,NA,NA,NA,"242,83",Medium,NA,NA,Manure,Energy crops,"Manure, deep litter, energy crops",Agricultural feedstock,3500,28500,NA,NA,32000,"109,375","890,625",0,0,100,Not-gastight digestate storage,CHP,NA,No/NA,Other,NA,0
63,"Fredenslund et al., 2023","Fredenslund, A. M., Gudmundsson, E., Maria Falk, J., & Scheutz, C. (2023). The Danish national effort to minimise methane emissions from biogas plants. Waste Management, 157, 321–329. ",27,Denmark,normal operation,NA,TDM,NA,18,"8,63","1,78","4,062,897,227","0,838001977","423,495,927","0,87349102",NA,NA,NA,NA,"203,78",Medium,NA,NA,Manure,Biowaste,"Manure, organic wastes",Agricultural feedstock,NA,55000,17000,NA,72000,0,"7,638,888,889","2,361,111,111",0,100,Gastight digestate storage,Off-site gas utilization,NA,No/NA,"BAT, off-site",NA,0
64,"Fredenslund et al., 2023","Fredenslund, A. M., Gudmundsson, E., Maria Falk, J., & Scheutz, C. (2023). The Danish national effort to minimise methane emissions from biogas plants. Waste Management, 157, 321–329. ",28,Denmark,normal operation,NA,TDM,NA,18,"4,42","0,64","4,681,211,608","0,677822495","4,911,111,111","0,711111111",NA,NA,NA,NA,90,Medium,NA,NA,Manure,Biowaste,"Manure, energy crops, organic wastes",Agricultural feedstock,1460,18000,5300,NA,24760,"5,896,607,431","7,269,789,984","2,140,549,273",0,100,Gastight digestate storage,CHP,NA,No/NA,Other,NA,0
65,"Fredenslund et al., 2023","Fredenslund, A. M., Gudmundsson, E., Maria Falk, J., & Scheutz, C. (2023). The Danish national effort to minimise methane emissions from biogas plants. Waste Management, 157, 321–329. ",29,Denmark,OTNOC,Not specified,TDM,NA,10,"11,6","2,51","4,055,944,056","8,776,223,776","6,823,529,412","1,476,470,588",NA,NA,NA,NA,17,Small,NA,NA,Manure,NA,Manure,Agricultural feedstock,NA,14600,NA,NA,14600,0,100,0,0,100,Not-gastight digestate storage,CHP,NA,No/NA,Other,NA,0
66,"Fredenslund et al., 2023","Fredenslund, A. M., Gudmundsson, E., Maria Falk, J., & Scheutz, C. (2023). The Danish national effort to minimise methane emissions from biogas plants. Waste Management, 157, 321–329. ",3,Denmark,normal operation,NA,TDM,NA,14,"14,68","2,5","4,014,438,854","0,683657843","4,182,336,182","0,712250712",NA,NA,NA,NA,351,Large,NA,NA,Manure,Biowaste,"Manure, food waste, organic industrial waste",Agricultural feedstock,NA,72800,39200,NA,112000,0,65,35,0,100,Gastight digestate storage,Off-site gas utilization,NA,No/NA,"BAT, off-site",NA,0
67,"Fredenslund et al., 2023","Fredenslund, A. M., Gudmundsson, E., Maria Falk, J., & Scheutz, C. (2023). The Danish national effort to minimise methane emissions from biogas plants. Waste Management, 157, 321–329. ",30,Denmark,normal operation,NA,TDM,NA,12,"9,46","1,82","1,384,984,774","0,266455844","1,404,435,999","0,270198046",NA,NA,NA,NA,"673,58",Large,NA,NA,Manure,Biowaste,"Manure, organic waste, maize",Agricultural feedstock,23000,150000,27000,NA,2.00E+05,"11,5",75,"13,5",0,100,Gastight digestate storage,BUU,Chemical (amine) scrubber,No/NA,"BAT, off-site",NA,0
68,"Fredenslund et al., 2023","Fredenslund, A. M., Gudmundsson, E., Maria Falk, J., & Scheutz, C. (2023). The Danish national effort to minimise methane emissions from biogas plants. Waste Management, 157, 321–329. ",31,Denmark,normal operation,NA,TDM,NA,12,"5,71","1,75","3,834,530,925","1,175,206,501","3,987,430,168","1,222,067,039",NA,NA,NA,NA,"143,2",Medium,NA,NA,Manure,Energy crops,"Manure, energy crops",Agricultural feedstock,3650,27375,NA,NA,31025,"1,176,470,588","8,823,529,412",0,0,100,Not-gastight digestate storage,CHP,NA,No/NA,Other,NA,0
69,"Fredenslund et al., 2023","Fredenslund, A. M., Gudmundsson, E., Maria Falk, J., & Scheutz, C. (2023). The Danish national effort to minimise methane emissions from biogas plants. Waste Management, 157, 321–329. ",32,Denmark,normal operation,NA,TDM,NA,15,"7,52","2,15","1,147,741,148","3,281,440,781","1,296,551,724","3,706,896,552",NA,NA,NA,NA,58,Medium,NA,NA,Manure,NA,"Manure, deep litter",Agricultural feedstock,NA,"33762,5",NA,NA,"33762,5",0,100,0,0,100,Gastight digestate storage,CHP,NA,No/NA,Other,NA,0
70,"Fredenslund et al., 2023","Fredenslund, A. M., Gudmundsson, E., Maria Falk, J., & Scheutz, C. (2023). The Danish national effort to minimise methane emissions from biogas plants. Waste Management, 157, 321–329. ",33,Denmark,normal operation,NA,TDM,NA,15,"2,3","1,5","3,181,189,488","2,074,688,797","3,285,714,286","2,142,857,143",NA,NA,NA,NA,70,Medium,NA,NA,Manure,Biowaste,"Manure, organic wastes",Agricultural feedstock,NA,13500,2300,NA,15800,0,"8,544,303,797","1,455,696,203",0,100,Not-gastight digestate storage,CHP,NA,No/NA,Other,NA,0
71,"Fredenslund et al., 2023","Fredenslund, A. M., Gudmundsson, E., Maria Falk, J., & Scheutz, C. (2023). The Danish national effort to minimise methane emissions from biogas plants. Waste Management, 157, 321–329. ",34,Denmark,normal operation,NA,TDM,NA,20,"4,22","1,24","5,565,813,769","1,635,452,387","5,893,854,749","1,731,843,575",NA,NA,NA,NA,"71,6",Medium,NA,NA,Manure,Biowaste,"Manure, organic waste, maize",Agricultural feedstock,2500,14300,2550,NA,19350,"1,291,989,664","7,390,180,879","1,317,829,457",0,100,Not-gastight digestate storage,CHP,NA,No/NA,Other,NA,0
72,"Fredenslund et al., 2023","Fredenslund, A. M., Gudmundsson, E., Maria Falk, J., & Scheutz, C. (2023). The Danish national effort to minimise methane emissions from biogas plants. Waste Management, 157, 321–329. ",35,Denmark,normal operation,NA,TDM,NA,16,"10,22","3,03","1,543,340,381","4,575,656,901","18,25","5,410,714,286",NA,NA,NA,NA,56,Medium,NA,NA,Manure,Biowaste,"Manure, energy crops, organic wastes",Agricultural feedstock,"912,5",8760,4015,NA,"13687,5","6,666,666,667",64,"2,933,333,333",0,100,Not-gastight digestate storage,CHP,NA,No/NA,Other,NA,0
73,"Fredenslund et al., 2023","Fredenslund, A. M., Gudmundsson, E., Maria Falk, J., & Scheutz, C. (2023). The Danish national effort to minimise methane emissions from biogas plants. Waste Management, 157, 321–329. ",36,Denmark,normal operation,NA,TDM,NA,14,"9,39","1,35","1,972,647,633","0,283607487","2,012,344,092","0,289314646",NA,NA,NA,NA,"466,62",Large,NA,NA,Sewage sludge,NA,NA,Sewage sludge,NA,NA,NA,NA,NA,NA,NA,NA,NA,NA,NA,CHP,NA,No/NA,Other,NA,0
74,"Fredenslund et al., 2023","Fredenslund, A. M., Gudmundsson, E., Maria Falk, J., & Scheutz, C. (2023). The Danish national effort to minimise methane emissions from biogas plants. Waste Management, 157, 321–329. ",37,Denmark,normal operation,NA,TDM,NA,14,"14,52","1,9","3,159,818,942","0,41347493","3,262,921,348","0,426966292","0,016644","0,1271952",NA,NA,445,Large,1000000,NA,Sewage sludge,NA,NA,Sewage sludge,NA,NA,NA,NA,NA,NA,NA,NA,NA,NA,Not-gastight digestate storage,Off-site gas utilization,NA,No/NA,"BAT, off-site",NA,0
75,"Fredenslund et al., 2023","Fredenslund, A. M., Gudmundsson, E., Maria Falk, J., & Scheutz, C. (2023). The Danish national effort to minimise methane emissions from biogas plants. Waste Management, 157, 321–329. ",38,Denmark,normal operation,NA,TDM,NA,19,"9,25","1,59","4,095,638,698","0,704007084","4,270,544,783","0,734072022","0,046428","0,2701",NA,NA,"216,6",Medium,300000,NA,Sewage sludge,NA,NA,Sewage sludge,NA,NA,NA,NA,NA,NA,NA,NA,NA,NA,Not-gastight digestate storage,CHP,NA,No/NA,Other,NA,0
76,"Fredenslund et al., 2023","Fredenslund, A. M., Gudmundsson, E., Maria Falk, J., & Scheutz, C. (2023). The Danish national effort to minimise methane emissions from biogas plants. Waste Management, 157, 321–329. ",39,Denmark,normal operation,NA,TDM,NA,20,"17,98","3,2","101,881,233","1,813,236,627","1,134,384,858","2,018,927,445","0,080091429","0,450013714",NA,NA,"158,5",Medium,350000,NA,Sewage sludge,NA,NA,Sewage sludge,NA,NA,NA,NA,NA,NA,NA,NA,NA,NA,Not-gastight digestate storage,CHP,NA,No/NA,Other,NA,0
77,"Fredenslund et al., 2023","Fredenslund, A. M., Gudmundsson, E., Maria Falk, J., & Scheutz, C. (2023). The Danish national effort to minimise methane emissions from biogas plants. Waste Management, 157, 321–329. ",4,Denmark,normal operation,NA,TDM,NA,16,"12,58","1,68","0,848520822","0,113315976","0,855782313","0,114285714",NA,NA,NA,NA,1470,Large,NA,NA,Manure,Biowaste,"Cattle manure, organic industrial waste",Agricultural feedstock,NA,248000,36000,NA,284000,0,"8,732,394,366","1,267,605,634",0,100,Gastight digestate storage,CHP,NA,No/NA,Other,NA,0
78,"Fredenslund et al., 2023","Fredenslund, A. M., Gudmundsson, E., Maria Falk, J., & Scheutz, C. (2023). The Danish national effort to minimise methane emissions from biogas plants. Waste Management, 157, 321–329. ",40,Denmark,normal operation,NA,TDM,NA,10,"28,16","4,13","6,848,915,264","1,004,475,143","7,352,480,418","1,078,328,982","0,164449091","112,128",NA,NA,383,Large,220000,NA,Sewage sludge,NA,NA,Sewage sludge,NA,NA,NA,NA,NA,NA,NA,NA,NA,NA,Not-gastight digestate storage,CHP,NA,No/NA,Other,NA,0
79,"Fredenslund et al., 2023","Fredenslund, A. M., Gudmundsson, E., Maria Falk, J., & Scheutz, C. (2023). The Danish national effort to minimise methane emissions from biogas plants. Waste Management, 157, 321–329. ",41,Denmark,normal operation,NA,TDM,NA,18,"3,58","0,64","3,231,046,931","0,577617329","3,338,929,304","0,596903563","0,019332414","0,10814069",NA,NA,"107,22",Medium,290000,NA,Sewage sludge,NA,NA,Sewage sludge,NA,NA,NA,NA,NA,NA,NA,NA,NA,NA,NA,CHP,NA,No/NA,Other,NA,0
80,"Fredenslund et al., 2023","Fredenslund, A. M., Gudmundsson, E., Maria Falk, J., & Scheutz, C. (2023). The Danish national effort to minimise methane emissions from biogas plants. Waste Management, 157, 321–329. ",42,Denmark,normal operation,NA,TDM,NA,15,"7,39","1,62","667,449,422","1,463,150,289","7,151,843,608","1,567,792,509","0,033788571","0,154134286",NA,NA,"103,33",Medium,420000,NA,Sewage sludge,NA,NA,Sewage sludge,NA,NA,NA,NA,NA,NA,NA,NA,NA,NA,Not-gastight digestate storage,CHP,NA,No/NA,Other,NA,0
81,"Fredenslund et al., 2023","Fredenslund, A. M., Gudmundsson, E., Maria Falk, J., & Scheutz, C. (2023). The Danish national effort to minimise methane emissions from biogas plants. Waste Management, 157, 321–329. ",43,Denmark,normal operation,NA,TDM,NA,17,"4,98","0,72","8,166,612,004","1,180,714,989","8,892,857,143","1,285,714,286","0,048516923","0,335575385",NA,NA,56,Medium,130000,NA,Sewage sludge,NA,NA,Sewage sludge,NA,NA,NA,NA,NA,NA,NA,NA,NA,NA,Not-gastight digestate storage,CHP,NA,No/NA,Other,NA,0
82,"Fredenslund et al., 2023","Fredenslund, A. M., Gudmundsson, E., Maria Falk, J., & Scheutz, C. (2023). The Danish national effort to minimise methane emissions from biogas plants. Waste Management, 157, 321–329. ",44,Denmark,normal operation,NA,TDM,NA,12,"8,99","1,54","9,385,113,269","1,607,683,474","1,035,714,286","1,774,193,548","0,067452","0,393762",NA,NA,"86,8",Medium,200000,NA,Sewage sludge,NA,NA,Sewage sludge,NA,NA,NA,NA,NA,NA,NA,NA,NA,NA,Not-gastight digestate storage,CHP,NA,No/NA,Other,NA,0
83,"Fredenslund et al., 2023","Fredenslund, A. M., Gudmundsson, E., Maria Falk, J., & Scheutz, C. (2023). The Danish national effort to minimise methane emissions from biogas plants. Waste Management, 157, 321–329. ",45,Denmark,normal operation,NA,TDM,NA,11,"1,6","0,4","1,022,870,751","2,557,176,877","113,941,854","2,848,546,351",NA,NA,NA,NA,"1,404,225",Small,NA,NA,Sewage sludge,NA,NA,Sewage sludge,NA,NA,NA,NA,NA,NA,NA,NA,NA,NA,NA,CHP,NA,No/NA,Other,NA,0
84,"Fredenslund et al., 2023","Fredenslund, A. M., Gudmundsson, E., Maria Falk, J., & Scheutz, C. (2023). The Danish national effort to minimise methane emissions from biogas plants. Waste Management, 157, 321–329. ",46,Denmark,normal operation,NA,TDM,NA,19,"7,52","2,51",NA,NA,NA,NA,"1,139,253,886","3,413,222,798",NA,NA,NA,NA,19300,NA,Sewage sludge,NA,NA,Sewage sludge,NA,NA,NA,NA,NA,NA,NA,NA,NA,NA,Not-gastight digestate storage,Off-site gas utilization,NA,No/NA,"BAT, off-site",NA,0
85,"Fredenslund et al., 2023","Fredenslund, A. M., Gudmundsson, E., Maria Falk, J., & Scheutz, C. (2023). The Danish national effort to minimise methane emissions from biogas plants. Waste Management, 157, 321–329. ",47,Denmark,normal operation,NA,TDM,NA,19,"5,87","0,99","5,505,533,671","0,928531232","582,630,273","0,982630273","0,0693792","0,4113696",NA,NA,"100,75",Medium,125000,NA,Sewage sludge,NA,NA,Sewage sludge,NA,NA,NA,NA,NA,NA,NA,NA,NA,NA,Not-gastight digestate storage,CHP,NA,No/NA,Other,NA,0
86,"Fredenslund et al., 2023","Fredenslund, A. M., Gudmundsson, E., Maria Falk, J., & Scheutz, C. (2023). The Danish national effort to minimise methane emissions from biogas plants. Waste Management, 157, 321–329. ",48,Denmark,OTNOC,Not specified,TDM,NA,20,"7,37","1,19","2,373,590,982","383,252,818","3,112,331,081","5,025,337,838","0,080187692","0,496624615",NA,NA,"23,68",Small,130000,NA,Sewage sludge,NA,NA,Sewage sludge,NA,NA,NA,NA,NA,NA,NA,NA,NA,NA,NA,CHP,NA,No/NA,Other,NA,0
87,"Fredenslund et al., 2023","Fredenslund, A. M., Gudmundsson, E., Maria Falk, J., & Scheutz, C. (2023). The Danish national effort to minimise methane emissions from biogas plants. Waste Management, 157, 321–329. ",49,Denmark,normal operation,NA,TDM,NA,17,"2,27","0,4","9,882,455,377","1,741,401,828","1,096,618,357","193,236,715","0,1168","0,66284",NA,NA,"20,7",Small,30000,NA,Sewage sludge,NA,NA,Sewage sludge,NA,NA,NA,NA,NA,NA,NA,NA,NA,NA,Not-gastight digestate storage,CHP,NA,No/NA,Other,NA,0
88,"Fredenslund et al., 2023","Fredenslund, A. M., Gudmundsson, E., Maria Falk, J., & Scheutz, C. (2023). The Danish national effort to minimise methane emissions from biogas plants. Waste Management, 157, 321–329. ",5,Denmark,normal operation,NA,TDM,NA,20,"55,47","10,14","8,361,849,345","1,528,558,723","9,124,856,062","1,668,037,506",NA,NA,NA,NA,"607,9",Large,NA,NA,Manure,Biowaste,"Manure, deep litter, various organic wastes",Agricultural feedstock,NA,106500,25000,NA,131500,0,"8,098,859,316","1,901,140,684",0,100,Gastight digestate storage,BUU,Chemical (amine) scrubber,No/NA,"BAT, off-site",NA,0
89,"Fredenslund et al., 2023","Fredenslund, A. M., Gudmundsson, E., Maria Falk, J., & Scheutz, C. (2023). The Danish national effort to minimise methane emissions from biogas plants. Waste Management, 157, 321–329. ",50,Denmark,normal operation,NA,TDM,NA,19,"3,24","0,49","4,069,840,472","0,615500565","4,242,503,601","0,641613199","0,042924","0,283824",NA,NA,"76,37",Medium,100000,NA,Sewage sludge,NA,NA,Sewage sludge,NA,NA,NA,NA,NA,NA,NA,NA,NA,NA,Not-gastight digestate storage,CHP,NA,No/NA,Other,NA,0
90,"Fredenslund et al., 2023","Fredenslund, A. M., Gudmundsson, E., Maria Falk, J., & Scheutz, C. (2023). The Danish national effort to minimise methane emissions from biogas plants. Waste Management, 157, 321–329. ",51,Denmark,normal operation,NA,TDM,NA,20,"1,3","0,23","4,390,408,646","0,776764607","4,592,016,955","0,812433769","0,05037","0,2847",NA,NA,"28,31",Small,40000,NA,Sewage sludge,NA,NA,Sewage sludge,NA,NA,NA,NA,NA,NA,NA,NA,NA,NA,Not-gastight digestate storage,CHP,NA,No/NA,Other,NA,0
91,"Fredenslund et al., 2023","Fredenslund, A. M., Gudmundsson, E., Maria Falk, J., & Scheutz, C. (2023). The Danish national effort to minimise methane emissions from biogas plants. Waste Management, 157, 321–329. ",52,Denmark,OTNOC,Not specified,TDM,NA,20,"6,64","1,07","3,674,598,783","5,921,416,713","5,809,273,841","9,361,329,834","0,15622","0,96944",NA,NA,"11,43",Small,60000,NA,Sewage sludge,NA,NA,Sewage sludge,NA,NA,NA,NA,NA,NA,NA,NA,NA,NA,Not-gastight digestate storage,CHP,NA,No/NA,Other,NA,0
92,"Fredenslund et al., 2023","Fredenslund, A. M., Gudmundsson, E., Maria Falk, J., & Scheutz, C. (2023). The Danish national effort to minimise methane emissions from biogas plants. Waste Management, 157, 321–329. ",53,Denmark,normal operation,NA,TDM,NA,11,"1,98","0,25","6,519,591,702","0,82318077","6,974,286,721","0,880591758","0,0438","0,346896",NA,NA,"28,39",Small,50000,NA,Sewage sludge,NA,NA,Sewage sludge,NA,NA,NA,NA,NA,NA,NA,NA,NA,NA,Not-gastight digestate storage,CHP,NA,No/NA,Other,NA,0
93,"Fredenslund et al., 2023","Fredenslund, A. M., Gudmundsson, E., Maria Falk, J., & Scheutz, C. (2023). The Danish national effort to minimise methane emissions from biogas plants. Waste Management, 157, 321–329. ",54,Denmark,normal operation,NA,TDM,NA,19,"1,6","0,36","6,779,661,017","1,525,423,729","7,272,727,273","1,636,363,636","0,121292308","0,539076923",NA,NA,22,Small,26000,NA,Sewage sludge,NA,NA,Sewage sludge,NA,NA,NA,NA,NA,NA,NA,NA,NA,NA,NA,CHP,NA,No/NA,Other,NA,0
94,"Fredenslund et al., 2023","Fredenslund, A. M., Gudmundsson, E., Maria Falk, J., & Scheutz, C. (2023). The Danish national effort to minimise methane emissions from biogas plants. Waste Management, 157, 321–329. ",55,Denmark,normal operation,NA,TDM,NA,15,"3,55","0,69","1,254,860,375","243,902,439","1,434,923,201","2,789,005,659",NA,NA,NA,NA,"24,74",Small,NA,NA,Sewage sludge,NA,NA,Sewage sludge,NA,NA,NA,NA,NA,NA,NA,NA,NA,NA,NA,CHP,NA,No/NA,Other,NA,0
95,"Fredenslund et al., 2023","Fredenslund, A. M., Gudmundsson, E., Maria Falk, J., & Scheutz, C. (2023). The Danish national effort to minimise methane emissions from biogas plants. Waste Management, 157, 321–329. ",56,Denmark,OTNOC,Not specified,TDM,NA,20,"4,72","0,72","3,939,899,833","6,010,016,694","650,137,741","9,917,355,372","0,074202353","0,486437647",NA,NA,"7,26",Small,85000,NA,Sewage sludge,NA,NA,Sewage sludge,NA,NA,NA,NA,NA,NA,NA,NA,NA,NA,Not-gastight digestate storage,CHP,NA,No/NA,Other,NA,0
96,"Fredenslund et al., 2023","Fredenslund, A. M., Gudmundsson, E., Maria Falk, J., & Scheutz, C. (2023). The Danish national effort to minimise methane emissions from biogas plants. Waste Management, 157, 321–329. ",57,Denmark,normal operation,NA,TDM,NA,20,"3,52","0,62","1,654,913,023","291,490,362","1,983,098,592","3,492,957,746",NA,NA,NA,NA,"17,75",Small,NA,NA,Sewage sludge,NA,NA,Sewage sludge,NA,NA,NA,NA,NA,NA,NA,NA,NA,NA,NA,CHP,NA,No/NA,Other,NA,0
97,"Fredenslund et al., 2023","Fredenslund, A. M., Gudmundsson, E., Maria Falk, J., & Scheutz, C. (2023). The Danish national effort to minimise methane emissions from biogas plants. Waste Management, 157, 321–329. ",58,Denmark,normal operation,NA,TDM,NA,10,"6,82","1,53","1,665,445,665","3,736,263,736","1,998,242,016","4,482,859,654","0,167535","0,74679",NA,NA,"34,13",Small,80000,NA,Sewage sludge,NA,NA,Sewage sludge,NA,NA,NA,NA,NA,NA,NA,NA,NA,NA,Not-gastight digestate storage,CHP,NA,No/NA,Other,NA,0
98,"Fredenslund et al., 2023","Fredenslund, A. M., Gudmundsson, E., Maria Falk, J., & Scheutz, C. (2023). The Danish national effort to minimise methane emissions from biogas plants. Waste Management, 157, 321–329. ",59,Denmark,normal operation,NA,TDM,NA,18,"6,73","0,92","7,257,629,678","0,992127683","7,825,581,395","1,069,767,442","0,024421818","0,178650909",NA,NA,86,Medium,330000,NA,Sewage sludge,NA,NA,Sewage sludge,NA,NA,NA,NA,NA,NA,NA,NA,NA,NA,Not-gastight digestate storage,CHP,NA,No/NA,Other,NA,0
99,"Fredenslund et al., 2023","Fredenslund, A. M., Gudmundsson, E., Maria Falk, J., & Scheutz, C. (2023). The Danish national effort to minimise methane emissions from biogas plants. Waste Management, 157, 321–329. ",6,Denmark,normal operation,NA,TDM,NA,13,"7,26","1,32","2,362,819,762","0,429603593","2,42","0,44",NA,NA,NA,NA,300,Large,NA,NA,Manure,Biowaste,"Manure, deep litter, straw, glycerine",Agricultural feedstock,NA,49800,10000,NA,59800,0,"8,327,759,197","1,672,240,803",0,100,Not-gastight digestate storage,Off-site gas utilization,NA,No/NA,"BAT, off-site",NA,0
100,"Fredenslund et al., 2023","Fredenslund, A. M., Gudmundsson, E., Maria Falk, J., & Scheutz, C. (2023). The Danish national effort to minimise methane emissions from biogas plants. Waste Management, 157, 321–329. ",60,Denmark,normal operation,NA,TDM,NA,16,"8,95","1,79","1,791,791,792","3,583,583,584","2,182,926,829","4,365,853,659","0,104536","0,52268",NA,NA,41,Small,150000,NA,Sewage sludge,NA,NA,Sewage sludge,NA,NA,NA,NA,NA,NA,NA,NA,NA,NA,Not-gastight digestate storage,CHP,NA,No/NA,Other,NA,0
101,"Fredenslund et al., 2023","Fredenslund, A. M., Gudmundsson, E., Maria Falk, J., & Scheutz, C. (2023). The Danish national effort to minimise methane emissions from biogas plants. Waste Management, 157, 321–329. ",7,Denmark,normal operation,NA,TDM,NA,20,"60,06","11,79","2,272,366,121","0,446073869","2,325,203,252","0,456445993",NA,NA,NA,NA,2583,Large,NA,NA,Manure,Biowaste,"Manure, deep litter, food waste, other organic waste, energy crops",Agricultural feedstock,33945,480875,111830,NA,626650,"5,416,899,386","7,673,741,323","1,784,568,739",0,100,Gastight digestate storage,BUU,Amine+water scrubber,No/NA,Other,NA,0
102,"Fredenslund et al., 2023","Fredenslund, A. M., Gudmundsson, E., Maria Falk, J., & Scheutz, C. (2023). The Danish national effort to minimise methane emissions from biogas plants. Waste Management, 157, 321–329. ",8,Denmark,normal operation,NA,TDM,NA,19,"20,49","3,57","1,048,891,983","0,182749848","1,060,010,347","0,184687015",NA,NA,NA,NA,1933,Large,NA,NA,Manure,Biowaste,"Manure, deep litter, energy crops, organic waste",Agricultural feedstock,65000,645000,85000,NA,795000,"8,176,100,629","8,113,207,547","106,918,239",0,100,Gastight digestate storage,BUU,Chemical (amine) scrubber,No/NA,"BAT, off-site",NA,0
103,"Fredenslund et al., 2023","Fredenslund, A. M., Gudmundsson, E., Maria Falk, J., & Scheutz, C. (2023). The Danish national effort to minimise methane emissions from biogas plants. Waste Management, 157, 321–329. ",9,Denmark,normal operation,NA,TDM,NA,13,"14,58","2,35","0,947627033","0,152738239","0,956692913","0,154199475",NA,NA,NA,NA,1524,Large,NA,NA,Manure,Biowaste,"Manure, biowaste, energy crops",Agricultural feedstock,45000,385000,70000,NA,5.00E+05,9,77,14,0,100,Gastight digestate storage,BUU,Amine+water scrubber,No/NA,Other,NA,0
104,"Fredenslund et al., 2023","Fredenslund, A. M., Gudmundsson, E., Maria Falk, J., & Scheutz, C. (2023). The Danish national effort to minimise methane emissions from biogas plants. Waste Management, 157, 321–329. ",FM1,Denmark,normal operation,NA,TDM,NA,15,"8,2",NA,"1,888,530,631",NA,"1,924,882,629",NA,NA,NA,NA,NA,426,Large,NA,NA,Manure,Biowaste,"Manure, organic wastes, energy crops",Agricultural feedstock,NA,NA,NA,NA,NA,NA,NA,NA,NA,NA,Gastight digestate storage,BUU,Chemical (amine) scrubber,No/NA,"BAT, off-site",NA,0
105,"Fredenslund et al., 2023","Fredenslund, A. M., Gudmundsson, E., Maria Falk, J., & Scheutz, C. (2023). The Danish national effort to minimise methane emissions from biogas plants. Waste Management, 157, 321–329. ",FM2,Denmark,normal operation,NA,TDM,NA,16,"6,1",NA,"0,285567155",NA,"0,286384977",NA,NA,NA,NA,NA,2130,Large,NA,NA,Manure,Biowaste,"Manure, organic waste, sludge",Agricultural feedstock,NA,5.00E+05,150000,1.00E+05,750000,0,"6,666,666,667",20,"1,333,333,333",100,Gastight digestate storage,Off-site gas utilization,NA,No/NA,Other,NA,0
106,"Fredenslund et al., 2023","Fredenslund, A. M., Gudmundsson, E., Maria Falk, J., & Scheutz, C. (2023). The Danish national effort to minimise methane emissions from biogas plants. Waste Management, 157, 321–329. ",FM3,Denmark,normal operation,NA,TDM,NA,11,"5,4",NA,"0,548112058",NA,"0,551132884",NA,NA,NA,NA,NA,"979,8",Large,NA,NA,Manure,Biowaste,"Manure, organic wastes, energy crops",Agricultural feedstock,NA,NA,NA,365000,365000,0,0,0,100,100,NA,BUU,Chemical (amine) scrubber,No/NA,"BAT, off-site",NA,0
107,"Fredenslund et al., 2023","Fredenslund, A. M., Gudmundsson, E., Maria Falk, J., & Scheutz, C. (2023). The Danish national effort to minimise methane emissions from biogas plants. Waste Management, 157, 321–329. ",FM4,Denmark,normal operation,NA,TDM,NA,17,"4,8",NA,"0,819392284",NA,"0,82616179",NA,NA,NA,NA,NA,581,Large,NA,NA,Biowaste,Manure,"Organic wastes, manure",Agricultural feedstock,NA,44500,181500,NA,226000,0,"1,969,026,549","8,030,973,451",0,100,Gastight digestate storage,Off-site gas utilization,NA,No/NA,"BAT, off-site",NA,0
108,"Fredenslund et al., 2023","Fredenslund, A. M., Gudmundsson, E., Maria Falk, J., & Scheutz, C. (2023). The Danish national effort to minimise methane emissions from biogas plants. Waste Management, 157, 321–329. ",FM5,Denmark,normal operation,NA,TDM,NA,20,"6,45",NA,"0,437154766",NA,"0,4390742",NA,NA,NA,NA,NA,1469,Large,NA,NA,Manure,NA,Manure based,Agricultural feedstock,NA,NA,NA,6.00E+05,6.00E+05,0,0,0,100,100,Gastight digestate storage,BUU,Chemical (amine) scrubber,No/NA,"BAT, off-site",NA,0
109,"Fredenslund et al., 2023","Fredenslund, A. M., Gudmundsson, E., Maria Falk, J., & Scheutz, C. (2023). The Danish national effort to minimise methane emissions from biogas plants. Waste Management, 157, 321–329. ",FM6,Denmark,normal operation,NA,TDM,NA,19,"13,1",NA,"1,491,857,419",NA,"1,514,450,867",NA,NA,NA,NA,NA,865,Large,NA,NA,Manure,Biowaste,"Manure, organic wastes",Agricultural feedstock,NA,NA,NA,NA,NA,NA,NA,NA,NA,NA,NA,CHP,NA,No/NA,Other,NA,0
110,"Fredenslund et al., 2023","Fredenslund, A. M., Gudmundsson, E., Maria Falk, J., & Scheutz, C. (2023). The Danish national effort to minimise methane emissions from biogas plants. Waste Management, 157, 321–329. ",FM7,Denmark,normal operation,NA,TDM,NA,10,"1,9",NA,"0,384693258",NA,"0,386178862",NA,NA,NA,NA,NA,492,Large,NA,NA,Manure,Biowaste,"Manure, organic wastes",Agricultural feedstock,NA,NA,NA,NA,NA,NA,NA,NA,NA,NA,NA,NA,NA,No/NA,NA,NA,0
111,"Fredenslund et al., 2023","Fredenslund, A. M., Gudmundsson, E., Maria Falk, J., & Scheutz, C. (2023). The Danish national effort to minimise methane emissions from biogas plants. Waste Management, 157, 321–329. ",FM8,Denmark,normal operation,NA,TDM,NA,17,"15,4",NA,"0,993933135",NA,"1,003,911,343",NA,NA,NA,NA,NA,1534,Large,NA,NA,Manure,Biowaste,"Manure, slaughterhouse waste, food waste",Agricultural feedstock,NA,NA,NA,230000,230000,0,0,0,100,100,NA,BUU,NA,No/NA,Other,NA,0
112,"Fredenslund et al., 2023","Fredenslund, A. M., Gudmundsson, E., Maria Falk, J., & Scheutz, C. (2023). The Danish national effort to minimise methane emissions from biogas plants. Waste Management, 157, 321–329. ",FM9,Denmark,normal operation,NA,TDM,NA,25,"11,4",NA,"2,588,555,858",NA,"2,657,342,657",NA,NA,NA,NA,NA,429,Large,NA,NA,Manure,Biowaste,"Manure, organic wastes",Agricultural feedstock,NA,NA,NA,84000,84000,0,0,0,100,100,NA,CHP,NA,No/NA,Other,NA,0
113,"Hrad et al., 2015","Hrad, M., Piringer, M., Huber-Humer, M. (2015). Determining methane emissions from biogas plants - Operational and meteorological aspects. Bioresource Technology, 191, 234-243.",AT-15,Austria,OTNOC,Stirring of not-gastight covered digestate,IDM,2,36,"10,35","920,516,159,553,975","10,609,221,282","93,416,955,794,208","119,653,179,205","85,855,333,922,517",NA,NA,NA,NA,"86,5",Medium,NA,NA,Energy crops,NA,"Maize silage, grass silage",Agricultural feedstock,11000,NA,NA,NA,11000,100,0,0,0,100,Not-gastight digestate storage,CHP,NA,No/NA,Other,54,0
114,"Hrad et al., 2015","Hrad, M., Piringer, M., Huber-Humer, M. (2015). Determining methane emissions from biogas plants - Operational and meteorological aspects. Bioresource Technology, 191, 234-243.",AT-15,Austria,normal operation,NA,IDM,2,19,"3,65","192,223,827,867,411","40,402,766,325","209,568,770,301,281","42,196,531,795","222,224,078,468,381",NA,NA,NA,NA,"86,5",Medium,NA,NA,Energy crops,NA,"Maize silage, grass silage",Agricultural feedstock,11000,NA,NA,NA,11000,100,0,0,0,100,Not-gastight digestate storage,CHP,NA,No/NA,Other,54,0
115,"Hrad et al., 2015","Hrad, M., Piringer, M., Huber-Humer, M. (2015). Determining methane emissions from biogas plants - Operational and meteorological aspects. Bioresource Technology, 191, 234-243.",AT-16,Austria,normal operation,NA,IDM,2,48,"3,25","175,641,680,702,503","3,863,628,605","204,792,005,267,653","40,322,580,645","21,791,771,795,517",NA,NA,NA,NA,"80,6",Medium,NA,NA,Biowaste,NA,Food waste,Biowaste,NA,NA,9125,NA,9125,0,0,100,0,100,Gastight digestate storage,CHP,NA,No/NA,Other,92,0
116,"Hrad et al., 2015","Hrad, M., Piringer, M., Huber-Humer, M. (2015). Determining methane emissions from biogas plants - Operational and meteorological aspects. Bioresource Technology, 191, 234-243.",AT-17,Austria,normal operation,NA,IDM,2,50,"2,7","105,356,537,528,527","1,758,096,681","0,580691307186698","1,789,870,646","0,59265983344387",NA,NA,NA,NA,"149,6",Medium,NA,NA,Biowaste,NA,Food waste,Biowaste,NA,NA,9500,NA,9500,0,0,100,0,100,Gastight digestate storage,CHP,NA,No/NA,Other,90,0
117,"Hrad et al., 2015","Hrad, M., Piringer, M., Huber-Humer, M. (2015). Determining methane emissions from biogas plants - Operational and meteorological aspects. Bioresource Technology, 191, 234-243.",AT-18,Austria,normal operation,NA,IDM,2,30,"2,85","11,379,806,676,741","30,858,298,645","122,978,975,076,373","3,184,357,542","127,148,677,969,842",NA,NA,NA,NA,"89,5",Medium,NA,NA,Energy crops,Manure,"Energy crops, manure",Agricultural feedstock,10200,6000,NA,NA,16200,"6,296,296,296","3,703,703,704",0,0,100,Not-gastight digestate storage,CHP,NA,No/NA,Other,110-120,0
118,"Hrad, 2018","Hrad, M. (2018). Europaweite Harmonisierung von Messmethoden zur Quantifizierung von Methanemissionen aus Biogasanlagen [European harmonisation of methods to quantify methane emissions from biogas plants]. Final report. Energieforschungsprogramm/ERA-NET Bioenergy, Österreichische Forschungsförderungsgesellschaft mbH (FFG), project no. 852046.",AT-19,Austria,OTNOC,Active PRV,IDM,1,7,"27,2","9,9","8,712,363,869","3,171,044,202","9,543,859,649","3,473,684,211",NA,NA,NA,NA,"285,1",Large,NA,NA,Energy crops,NA,"Agricultural residues, manure",Agricultural feedstock,NA,NA,NA,55480,55480,0,0,0,100,100,Not-gastight digestate storage,BUU,Membrane separation,No/NA,Other,NA,0
119,"Hrad, 2018","Hrad, M. (2018). Europaweite Harmonisierung von Messmethoden zur Quantifizierung von Methanemissionen aus Biogasanlagen [European harmonisation of methods to quantify methane emissions from biogas plants]. Final report. Energieforschungsprogramm/ERA-NET Bioenergy, Österreichische Forschungsförderungsgesellschaft mbH (FFG), project no. 852046.",AT-19,Austria,normal operation,NA,IDM,4,57,"11,325","762,872,859,656,181","38,148,759,715","252,726,290,475,838","39,722,904,245","267,580,799,629,573",NA,NA,NA,NA,"285,1",Large,NA,NA,Energy crops,NA,"Agricultural residues, manure",Agricultural feedstock,NA,NA,NA,55480,55480,0,0,0,100,100,Not-gastight digestate storage,BUU,Membrane separation,No/NA,Other,NA,0
120,"Vesenmaier, 2021","Vesenmaier, A. (2021). Validierung und Weiterentwicklung einer Methode zur Inversen Dispersionsmodellierung für die Quantifizierung von Methanemissionen [Validation and further development of a method for inverse dispersion modelling for the quantification of methane emissions] [PhD thesis, University of Stuttgart]. Stuttgarter Berichte zur Abfallwirtschaft, 134. http://dx.doi.org/10.18419/opus-11487",DE-MH_WP5_1,Germany,normal operation,NA,IDM,2,33,"3,15","403,794,502,191,399","4,151,092,958","524,639,217,744,431","4,417,952,314","566,331,700,107,211",NA,NA,NA,NA,"71,3",Medium,NA,NA,NA,NA,NA,Agricultural feedstock,NA,NA,NA,NA,NA,NA,NA,NA,NA,NA,Gastight digestate storage,CHP,NA,No/NA,Other,NA,0
121,"Vesenmaier, 2021","Vesenmaier, A. (2021). Validierung und Weiterentwicklung einer Methode zur Inversen Dispersionsmodellierung für die Quantifizierung von Methanemissionen [Validation and further development of a method for inverse dispersion modelling for the quantification of methane emissions] [PhD thesis, University of Stuttgart]. Stuttgarter Berichte zur Abfallwirtschaft, 134. http://dx.doi.org/10.18419/opus-11487",DE-MH_WP5_2,Germany,normal operation,NA,IDM,3,53,"206,666,666,666,667","198,662,192,343,351","231,853,042,566,667","222,444,143,352,159","237,547,892,733,333","228,347,347,536,214",NA,NA,NA,NA,87,Medium,NA,NA,NA,NA,NA,Agricultural feedstock,NA,NA,NA,NA,NA,NA,NA,NA,NA,NA,Gastight digestate storage,CHP,NA,No/NA,Other,NA,0
122,"Groth et al., 2015","Groth, A., Maurer, C., & Reiser, M. (2015). Messung von Methanemissionen an Biogasanlagen mit Lasertechnik und Modellierung zur Bestimmung der Methanfracht [Measurement of methane emissions at biogas plants using laser technology and modelling to quantify the methane emissions]. Ministerium für Umwelt, Klima und Energiewirtschaft Baden- Württemberg, Förderkennzeichen 48820.1004.VO/249.",DE-Q_1,Germany,OTNOC,Active PRV,IDM,1,3,"3,4",1,"0,935608145","0,275178866","0,944444444","0,277777778",NA,NA,NA,NA,360,Large,NA,NA,NA,NA,NA,Agricultural feedstock,NA,NA,NA,NA,NA,NA,NA,NA,NA,NA,Gastight digestate storage,BUU,PSA,Yes,"BAT, off-site",NA,0
123,"Groth et al., 2015","Groth, A., Maurer, C., & Reiser, M. (2015). Messung von Methanemissionen an Biogasanlagen mit Lasertechnik und Modellierung zur Bestimmung der Methanfracht [Measurement of methane emissions at biogas plants using laser technology and modelling to quantify the methane emissions]. Ministerium für Umwelt, Klima und Energiewirtschaft Baden- Württemberg, Förderkennzeichen 48820.1004.VO/249.",DE-Q_1,Germany,normal operation,NA,IDM,3,33,"2,3","247,184,141,886,166","0,634160817333333","0,680421078283584","0,638888889","0,686622615936913",NA,NA,NA,NA,360,Large,NA,NA,NA,NA,NA,Agricultural feedstock,NA,NA,NA,NA,NA,NA,NA,NA,NA,NA,Gastight digestate storage,BUU,PSA,Yes,"BAT, off-site",NA,0
124,"Groth et al., 2015","Groth, A., Maurer, C., & Reiser, M. (2015). Messung von Methanemissionen an Biogasanlagen mit Lasertechnik und Modellierung zur Bestimmung der Methanfracht [Measurement of methane emissions at biogas plants using laser technology and modelling to quantify the methane emissions]. Ministerium für Umwelt, Klima und Energiewirtschaft Baden- Württemberg, Förderkennzeichen 48820.1004.VO/249.",DE-Q_2,Germany,normal operation,NA,IDM,3,66,"533,333,333,333,333","486,792,221,247,081","517,653,353,933,333","45,939,888,361,188","552,677,029,333,333","504,447,897,640,146",NA,NA,NA,NA,"96,8",Medium,NA,NA,NA,NA,NA,Agricultural feedstock,NA,NA,NA,NA,NA,NA,NA,NA,NA,NA,Not-gastight digestate storage,CHP,NA,Yes,Other,NA,0
125,"Scheutz and Fredenslund, 2019","Scheutz, C., Fredenslund, A.M. (2019). Total methane emission rates and losses from 23 biogas plants. Waste Manage 97, 38–46.",1,Denmark,normal operation,NA,TDM,1,20,"6,5","0,6","0,440528634","0,040664182","0,4","0,04",NA,NA,NA,NA,1469,Large,NA,NA,Manure,Energy crops,"Manure, maize silage, organic waste",Agricultural feedstock,NA,NA,NA,6.00E+05,6.00E+05,0,0,0,100,100,Gastight digestate storage,BUU,Chemical (amine) scrubber,No/NA,"BAT, off-site",NA,0
126,"Scheutz and Fredenslund, 2019","Scheutz, C., Fredenslund, A.M. (2019). Total methane emission rates and losses from 23 biogas plants. Waste Manage 97, 38–46.",10,Denmark,normal operation,NA,TDM,1,17,"6,1","0,8","254,060,808","0,333194502","2,6","0,35",NA,NA,NA,NA,234,Medium,NA,NA,Manure,Biowaste,"Manure, organic waste",Agricultural feedstock,NA,NA,NA,37000,37000,0,0,0,100,100,Gastight digestate storage,CHP,NA,No/NA,Other,NA,0
127,"Scheutz and Fredenslund, 2019","Scheutz, C., Fredenslund, A.M. (2019). Total methane emission rates and losses from 23 biogas plants. Waste Manage 97, 38–46.",11,Denmark,normal operation,NA,TDM,2,29,"6,4","0,4","7,960,199,005","0,497512438","8,6","0,5",NA,NA,NA,NA,74,Medium,NA,NA,Manure,Energy crops,"Manure, maize and grass silage, glycerol",Agricultural feedstock,NA,NA,NA,30000,30000,0,0,0,100,100,Gastight digestate storage,Off-site gas utilization,NA,No/NA,"BAT, off-site",NA,0
128,"Scheutz and Fredenslund, 2019","Scheutz, C., Fredenslund, A.M. (2019). Total methane emission rates and losses from 23 biogas plants. Waste Manage 97, 38–46.",12,Germany,normal operation,NA,TDM,4,138,"2,6","0,4","200,617,284","0,308641975","2,1","0,35",NA,NA,NA,NA,127,Medium,NA,NA,Energy crops,Manure,"Grass and maize silage, manure",Agricultural feedstock,NA,NA,NA,NA,NA,NA,NA,NA,NA,NA,Not-gastight digestate storage,CHP,NA,No/NA,Other,NA,0
129,"Scheutz and Fredenslund, 2019","Scheutz, C., Fredenslund, A.M. (2019). Total methane emission rates and losses from 23 biogas plants. Waste Manage 97, 38–46.",17,Denmark,normal operation,NA,TDM,2,37,"12,3","1,2","1,135,734,072","1,108,033,241","12,8","1,29","0,025028571","0,256542857",NA,NA,96,Medium,420000,NA,Sewage sludge,NA,Sewage sludge,Sewage sludge,NA,NA,NA,NA,NA,NA,NA,NA,NA,NA,Gastight digestate storage,BUU,Chemical (amine) scrubber,No/NA,"BAT, off-site",NA,0
130,"Scheutz and Fredenslund, 2019","Scheutz, C., Fredenslund, A.M. (2019). Total methane emission rates and losses from 23 biogas plants. Waste Manage 97, 38–46.",18,Denmark,normal operation,NA,TDM,2,40,"8,1","0,5","8,428,720,083","0,520291363","9,1","0,6","0,046105263","0,746905263",NA,NA,88,Medium,95000,NA,Sewage sludge,NA,Sewage sludge,Sewage sludge,NA,NA,NA,NA,NA,NA,NA,NA,NA,NA,Gastight digestate storage,CHP,NA,No/NA,Other,NA,0
131,"Scheutz and Fredenslund, 2019","Scheutz, C., Fredenslund, A.M. (2019). Total methane emission rates and losses from 23 biogas plants. Waste Manage 97, 38–46.",20,Denmark,normal operation,NA,TDM,1,16,10,1,"3,676,470,588","0,367647059","3,8","0,38","0,07008","0,7008",NA,NA,262,Large,125000,NA,Sewage sludge,NA,Sewage sludge,Sewage sludge,NA,NA,NA,NA,NA,NA,NA,NA,NA,NA,Gastight digestate storage,CHP,NA,No/NA,Other,NA,0
132,"Scheutz and Fredenslund, 2019","Scheutz, C., Fredenslund, A.M. (2019). Total methane emission rates and losses from 23 biogas plants. Waste Manage 97, 38–46.",3,Denmark,normal operation,NA,TDM,1,14,"23,2","1,7","2,546,093,064","0,186567164","2,6","0,19",NA,NA,NA,NA,888,Large,NA,NA,Manure,Biowaste,"Manure, organic waste",Agricultural feedstock,NA,NA,NA,3.00E+05,3.00E+05,0,0,0,100,100,Gastight digestate storage,Off-site gas utilization,NA,No/NA,Other,NA,0
133,"Scheutz and Fredenslund, 2019","Scheutz, C., Fredenslund, A.M. (2019). Total methane emission rates and losses from 23 biogas plants. Waste Manage 97, 38–46.",4,Denmark,normal operation,NA,TDM,3,54,"6,4","0,5","0,740397964","0,057843591","0,7","0,06",NA,NA,NA,NA,858,Large,NA,NA,Manure,Biowaste,"Manure, slaughterhouse waste, other organic waste",Agricultural feedstock,NA,NA,NA,235000,235000,0,0,0,100,100,Gastight digestate storage,Off-site gas utilization,NA,No/NA,Other,NA,0
134,"Scheutz and Fredenslund, 2019","Scheutz, C., Fredenslund, A.M. (2019). Total methane emission rates and losses from 23 biogas plants. Waste Manage 97, 38–46.",5,Denmark,normal operation,NA,TDM,2,32,3,"0,3","0,598802395","0,05988024","0,6","0,06",NA,NA,NA,NA,498,Large,NA,NA,Biowaste,Manure,"Industrial waste, manure",Biowaste,NA,NA,NA,2.00E+05,2.00E+05,0,0,0,100,100,Gastight digestate storage,Off-site gas utilization,NA,No/NA,"BAT, off-site",NA,0
135,"Scheutz and Fredenslund, 2019","Scheutz, C., Fredenslund, A.M. (2019). Total methane emission rates and losses from 23 biogas plants. Waste Manage 97, 38–46.",8,Germany,normal operation,NA,TDM,5,166,"2,3","0,4","0,571712652","0,099428287","0,6","0,1",NA,NA,NA,NA,400,Large,NA,NA,Energy crops,NA,"Maize silage, forage rye",Agricultural feedstock,NA,NA,NA,NA,NA,NA,NA,NA,NA,NA,Gastight digestate storage,BUU,Chemical (amine) scrubber,No/NA,Other,NA,0
136,"Scheutz and Fredenslund, 2019","Scheutz, C., Fredenslund, A.M. (2019). Total methane emission rates and losses from 23 biogas plants. Waste Manage 97, 38–46.",9,Denmark,normal operation,NA,TDM,2,39,"14,9","0,9","4,282,839,897","0,258695027","4,5","0,26",NA,NA,NA,NA,333,Large,NA,NA,Manure,Biowaste,"Manure, organic waste, maize silage",Agricultural feedstock,NA,NA,NA,170000,170000,0,0,0,100,100,Gastight digestate storage,CHP,NA,No/NA,Other,NA,0
137,"Scheutz and Fredenslund, 2019","Scheutz, C., Fredenslund, A.M. (2019). Total methane emission rates and losses from 23 biogas plants. Waste Manage 97, 38–46.",13/Linkopping,Sweden,normal operation,NA,TDM,2,21,"21,2","3,3","2,535,278,641","0,39464243","2,6","0,4",NA,NA,NA,NA,NA,NA,NA,NA,NA,NA,NA,NA,NA,NA,NA,NA,NA,NA,NA,NA,NA,NA,NA,NA,NA,No/NA,Other,NA,0
138,"Scheutz and Fredenslund, 2019","Scheutz, C., Fredenslund, A.M. (2019). Total methane emission rates and losses from 23 biogas plants. Waste Manage 97, 38–46.",21,Sweden,normal operation,NA,TDM,1,16,"33,5","0,6","599,820,949","0,107430618","6,4","0,12","0,006529193","0,364546584",NA,NA,525,Large,805000,43431,Sewage sludge,Biowaste,"Sewage sludge, industrial food waste",Sewage sludge,NA,NA,13783,13783,27566,0,0,50,50,100,Not-gastight digestate storage,Off-site gas utilization,NA,No/NA,"BAT, off-site",NA,0
139,"Scheutz and Fredenslund, 2019","Scheutz, C., Fredenslund, A.M. (2019). Total methane emission rates and losses from 23 biogas plants. Waste Manage 97, 38–46.",15/B,Denmark,normal operation,NA,TDM,1,21,"13,5","0,5","7,692,307,692","0,284900285","8,3","0,33","0,016528302","0,446264151",NA,NA,162,Medium,265000,NA,Sewage sludge,NA,Sewage sludge,Sewage sludge,NA,NA,NA,NA,NA,NA,NA,NA,NA,NA,Not-gastight digestate storage,CHP,NA,No/NA,Other,NA,0
140,"Scheutz and Fredenslund, 2019","Scheutz, C., Fredenslund, A.M. (2019). Total methane emission rates and losses from 23 biogas plants. Waste Manage 97, 38–46.",2/C,Denmark,normal operation,NA,TDM,2,66,"19,1","2,5","1,733,055,077","0,22683967","1,8","0,23",NA,NA,NA,NA,1083,Large,NA,NA,Manure,Biowaste,"Manure, slaughterhouse waste",Agricultural feedstock,NA,NA,NA,240000,240000,0,0,0,100,100,Gastight digestate storage,BUU,Water scrubber,No/NA,Other,NA,0
141,"Scheutz and Fredenslund, 2019","Scheutz, C., Fredenslund, A.M. (2019). Total methane emission rates and losses from 23 biogas plants. Waste Manage 97, 38–46.",6/D,Denmark,normal operation,NA,TDM,2,42,"10,7","0,5","2,537,348,826","0,118567702","2,6","0,12",NA,NA,NA,NA,411,Large,NA,NA,Manure,Energy crops,"Manure, maize silage",Agricultural feedstock,NA,NA,NA,118000,118000,0,0,0,100,100,Gastight digestate storage,BUU,Chemical (amine) scrubber,No/NA,"BAT, off-site",NA,0
142,"Scheutz and Fredenslund, 2019","Scheutz, C., Fredenslund, A.M. (2019). Total methane emission rates and losses from 23 biogas plants. Waste Manage 97, 38–46.",7/A,Denmark,normal operation,NA,TDM,3,54,"6,4","0,2","1,559,454,191","0,048732943","1,6","0,06",NA,NA,NA,NA,404,Large,NA,NA,Manure,Biowaste,"Manure, slaughterhouse waste, other organic wastes",Agricultural feedstock,NA,NA,NA,225000,225000,0,0,0,100,100,Gastight digestate storage,Off-site gas utilization,NA,No/NA,Other,NA,0
143,"Sorschak, 2023","Sorschak, T. (2023). Quantifizierung von Methanemissionen aus Kläranlagen mittels inverser Dispersionstechnik [Quantification of methane emissions from wastewater treatment plants using inverse dispersion modelling]. [Master’s Thesis, University of Natural Resources and Life Sciences, Vienna]. http://permalink.obvsg.at/bok/AC17010580",WWTP-1,Austria,normal operation,NA,IDM,2,28,"0,455","0,480245936989307","39,487,233,875","381,622,871,361,165","41,499,732,905","406,769,077,993,505","0,0552588775","0,191542355840732","0,3","0,360555127546399","10,44",Small,34000,"1243,75",Sewage sludge,NA,Sewage sludge,Sewage sludge,NA,NA,NA,NA,NA,NA,NA,NA,NA,NA,Not-gastight digestate storage,CHP,NA,No/NA,Other,NA,0
144,"Sorschak, 2023","Sorschak, T. (2023). Quantifizierung von Methanemissionen aus Kläranlagen mittels inverser Dispersionstechnik [Quantification of methane emissions from wastewater treatment plants using inverse dispersion modelling]. [Master’s Thesis, University of Natural Resources and Life Sciences, Vienna]. http://permalink.obvsg.at/bok/AC17010580",WWTP-2,Austria,normal operation,NA,IDM,2,37,"8,08","346,075,136,350,475","7,044,835,647","31,726,418,109,053","7,598,475,887","350,767,251,354,395","0,070753846","0,38962295115446","1,45","0,946044396421225","107,2",Medium,260000,5696,Sewage sludge,NA,Sewage sludge,Sewage sludge,NA,NA,NA,NA,NA,NA,NA,NA,NA,NA,Not-gastight digestate storage,CHP,NA,No/NA,Other,NA,0
145,"Vesenmaier and Reiser, 2016","Vesenmaier, A., & Reiser, M. (2016). Untersuchungen zu klimarelevanten Emissionen bei Anlagen zur Bioabfallbehandlung als Kriterium einer hochwertigen Verwertung [UTE B.] [Analysis on climate-relevant emissions from biowaste treatment plants as a criterion for high-quality waste treatment [UTE B.]. https://um.baden-wuerttemberg.de/fileadmin/redaktion/m-um/intern/Dateien/Dokumente/2_Presse_und_Service/Publikationen/Umwelt/Endbericht_Emissionen_Bioverwertungsanlagen.pdf (Accessed February 2024).",DE-UTE_1,Germany,OTNOC,Flaring/flare ignition problems,IDM,1,6,"4,1","1,5","1,331,601,169","0,487171159","1,349,572,087","0,493745885",NA,NA,NA,NA,"303,8",Large,NA,NA,Biowaste,NA,NA,Biowaste,NA,NA,NA,NA,NA,NA,NA,NA,NA,NA,Gastight digestate storage,CHP,NA,No/NA,Other,NA,0
146,"Vesenmaier and Reiser, 2016","Vesenmaier, A., & Reiser, M. (2016). Untersuchungen zu klimarelevanten Emissionen bei Anlagen zur Bioabfallbehandlung als Kriterium einer hochwertigen Verwertung [UTE B.] [Analysis on climate-relevant emissions from biowaste treatment plants as a criterion for high-quality waste treatment [UTE B.]. https://um.baden-wuerttemberg.de/fileadmin/redaktion/m-um/intern/Dateien/Dokumente/2_Presse_und_Service/Publikationen/Umwelt/Endbericht_Emissionen_Bioverwertungsanlagen.pdf (Accessed February 2024).",DE-UTE_1,Germany,normal operation,NA,IDM,3,48,"103,333,333,333,333","15,121,728,296,285","0,338573654","0,494658173210928","0,340136054666667","0,49775274187293",NA,NA,NA,NA,"303,8",Large,NA,NA,Biowaste,NA,NA,Biowaste,NA,NA,NA,NA,NA,NA,NA,NA,NA,NA,Gastight digestate storage,CHP,NA,No/NA,Other,NA,0
147,"Vesenmaier and Reiser, 2016","Vesenmaier, A., & Reiser, M. (2016). Untersuchungen zu klimarelevanten Emissionen bei Anlagen zur Bioabfallbehandlung als Kriterium einer hochwertigen Verwertung [UTE B.] [Analysis on climate-relevant emissions from biowaste treatment plants as a criterion for high-quality waste treatment [UTE B.]. https://um.baden-wuerttemberg.de/fileadmin/redaktion/m-um/intern/Dateien/Dokumente/2_Presse_und_Service/Publikationen/Umwelt/Endbericht_Emissionen_Bioverwertungsanlagen.pdf (Accessed February 2024).",DE-UTE_2,Germany,OTNOC,Draught composting hall,IDM,1,5,"6,4","0,5","5,560,382,276","0,434404865","5,887,764,489","0,459981601",NA,NA,NA,NA,"108,7",Medium,NA,NA,Biowaste,NA,NA,Biowaste,NA,NA,NA,NA,NA,NA,NA,NA,NA,NA,Gastight digestate storage,CHP,NA,No/NA,Other,NA,0
148,"Vesenmaier and Reiser, 2016","Vesenmaier, A., & Reiser, M. (2016). Untersuchungen zu klimarelevanten Emissionen bei Anlagen zur Bioabfallbehandlung als Kriterium einer hochwertigen Verwertung [UTE B.] [Analysis on climate-relevant emissions from biowaste treatment plants as a criterion for high-quality waste treatment [UTE B.]. https://um.baden-wuerttemberg.de/fileadmin/redaktion/m-um/intern/Dateien/Dokumente/2_Presse_und_Service/Publikationen/Umwelt/Endbericht_Emissionen_Bioverwertungsanlagen.pdf (Accessed February 2024).",DE-UTE_2,Germany,normal operation,NA,IDM,3,47,"3,6","221,585,198,061,603","320,381,148,766,667","19,638,117,914,719","331,186,752,533,333","203,850,228,183,753",NA,NA,NA,NA,"108,7",Medium,NA,NA,Biowaste,NA,NA,Biowaste,NA,NA,NA,NA,NA,NA,NA,NA,NA,NA,Gastight digestate storage,CHP,NA,No/NA,Other,NA,0
149,"Vesenmaier and Reiser, 2016","Vesenmaier, A., & Reiser, M. (2016). Untersuchungen zu klimarelevanten Emissionen bei Anlagen zur Bioabfallbehandlung als Kriterium einer hochwertigen Verwertung [UTE B.] [Analysis on climate-relevant emissions from biowaste treatment plants as a criterion for high-quality waste treatment [UTE B.]. https://um.baden-wuerttemberg.de/fileadmin/redaktion/m-um/intern/Dateien/Dokumente/2_Presse_und_Service/Publikationen/Umwelt/Endbericht_Emissionen_Bioverwertungsanlagen.pdf (Accessed February 2024).",DE-UTE_3,Germany,normal operation,NA,IDM,3,26,"5,5","578,705,451,849,211","216,734,032,533,333","226,165,866,617,866","222,401,940,966,667","234,009,483,120,069",NA,NA,NA,NA,"247,3",Medium,NA,NA,Biowaste,NA,Municipal + food industry,Biowaste,NA,NA,NA,NA,NA,NA,NA,NA,NA,NA,Gastight digestate storage,CHP,k.A. ,Yes,Other,NA,0
150,"Westerkamp et al., 2014","Westerkamp, T., Reinelt, T., Oehmichen, K., Ponitka, J., & Naumann, K. (2014). KlimaCH4 - Klimaeffekte von Biomethan [ClimateCH4 - Climate effects of biomethane], DBFZ-Report No. 20. DBFZ, Leipzig, p. 167. https://www.dbfz.de/pressemediathek/publikationsreihen-des-dbfz/dbfz-reports/dbfz-report-nr-20 (Accessed May 2024)",BMA I,Germany,normal operation,NA,IDM,4,45,NA,NA,NA,NA,"0,51","0,21",NA,NA,NA,NA,NA,NA,NA,NA,Energy crops,NA,Energy crops,Agricultural feedstock,NA,NA,NA,NA,NA,NA,NA,NA,NA,NA,Gastight digestate storage,BUU,Chemical (amine) scrubber,No/NA,"BAT, off-site",90,0
151,"Westerkamp et al., 2014","Westerkamp, T., Reinelt, T., Oehmichen, K., Ponitka, J., & Naumann, K. (2014). KlimaCH4 - Klimaeffekte von Biomethan [ClimateCH4 - Climate effects of biomethane], DBFZ-Report No. 20. DBFZ, Leipzig, p. 167. https://www.dbfz.de/pressemediathek/publikationsreihen-des-dbfz/dbfz-reports/dbfz-report-nr-20 (Accessed May 2024)",BMA II,Germany,normal operation,NA,IDM,9,87,NA,NA,NA,NA,"1,5","0,7",NA,NA,NA,NA,NA,NA,NA,NA,Energy crops,NA,Energy crops,Agricultural feedstock,NA,NA,NA,NA,NA,NA,NA,NA,NA,NA,Not-gastight digestate storage,BUU,Chemical (amine) scrubber,No/NA,"BAT, off-site",100,0
152,"Westerkamp et al., 2014","Westerkamp, T., Reinelt, T., Oehmichen, K., Ponitka, J., & Naumann, K. (2014). KlimaCH4 - Klimaeffekte von Biomethan [ClimateCH4 - Climate effects of biomethane], DBFZ-Report No. 20. DBFZ, Leipzig, p. 167. https://www.dbfz.de/pressemediathek/publikationsreihen-des-dbfz/dbfz-reports/dbfz-report-nr-20 (Accessed May 2024)",BMA III,Germany,normal operation,NA,IDM,9,71,NA,NA,NA,NA,"0,22","0,12",NA,NA,NA,NA,NA,NA,NA,NA,Biowaste,NA,Residues,Biowaste,NA,NA,NA,NA,NA,NA,NA,NA,NA,NA,Gastight digestate storage,BUU,Chemical (amine) scrubber,Yes,"BAT, off-site",15-40,0
153,"Yoshida et al., 2014","Yoshida, H., Mønster, J., & Scheutz, C. (2014). Plant-integrated measurement of greenhouse gas emissions from a municipal wastewater treatment plant. Water Research, 61. ",AV WWTP,Denmark,OTNOC,Active PRV,TDM,3,33,"817,333,333,333,333","308,452,722,670,212","2,159,355,194","893,802,960,769,706","277,666,666,666,667","127,359,861,285,519","0,486328754666667","471,484,003,727,556",NA,NA,208,Medium,265000,NA,Sewage sludge,NA,NA,Sewage sludge,NA,NA,NA,NA,NA,NA,NA,NA,NA,NA,Not-gastight digestate storage,CHP,NA,No/NA,Other,NA,0
154,"Yoshida et al., 2014","Yoshida, H., Mønster, J., & Scheutz, C. (2014). Plant-integrated measurement of greenhouse gas emissions from a municipal wastewater treatment plant. Water Research, 61. ",AV WWTP,Denmark,OTNOC,Not specified,TDM,1,5,"59,2","10,7","1,983,967,936","3,585,887,992",NA,"24,75","0,35370566","1,956,950,943",NA,NA,208,Medium,265000,NA,Sewage sludge,NA,NA,Sewage sludge,NA,NA,NA,NA,NA,NA,NA,NA,NA,NA,Not-gastight digestate storage,CHP,NA,No/NA,Other,NA,0
155,"Yoshida et al., 2014","Yoshida, H., Mønster, J., & Scheutz, C. (2014). Plant-integrated measurement of greenhouse gas emissions from a municipal wastewater treatment plant. Water Research, 61. ",AV WWTP,Denmark,normal operation,NA,TDM,6,37,"17,27","308,473,405,284,799","6,783,751,411","106,490,087,268,674","7,354","147,309,416,793,361","0,103182883333333","171,213,327,422,648",NA,NA,208,Medium,265000,NA,Sewage sludge,NA,NA,Sewage sludge,NA,NA,NA,NA,NA,NA,NA,NA,NA,NA,Not-gastight digestate storage,CHP,NA,No/NA,Other,NA,0